Designator,Mid X,Mid Y,Rotation,Layer
C1,116.9,-142.0,0.0,top
C11,127.5,-131.5,90.0,top
C12,133.0,-158.0,270.0,top
C13,125.82363,-188.5,0.0,top
C14,115.5,-188.5,180.0,top
C2,127.5,-149.5,0.0,top
C3,111.128932,-148.321068,90.0,top
C4,116.0,-122.18,180.0,top
C5,113.378932,-181.071068,0.0,top
C6,106.75,-188.0,0.0,top
C7,116.7,-158.0,270.0,top
C8,120.4,-150.5,180.0,top
C9,127.0,-118.5,270.0,top
D1,118.678932,-166.0,270.0,top
D2,127.7,-162.55,180.0,top
D3,126.995,-111.0,0.0,top
D4,114.23,-133.0,0.0,top
D5,106.5,-172.071068,270.0,top
J1,148.46,-108.1725,0.0,top
J2,129.46,-140.5,0.0,top
J3,169.5,-177.0,270.0,top
J4,169.5,-167.25,270.0,top
J5,168.5,-188.5,90.0,top
J6,169.5,-148.5,270.0,top
J7,169.5,-158.25,270.0,top
J9,123.128932,-177.031068,90.0,top
L1,113.628932,-169.071068,270.0,top
L2,132.628932,-174.071068,270.0,top
Q1,116.41,-115.0,270.0,top
Q2,156.0,-190.5,180.0,top
Q3,139.1,-190.5,180.0,top
Q4,122.0,-124.0,90.0,top
R5,136.5,-109.5,180.0,top
R6,133.5,-128.42,90.0,top
R7,136.5,-112.5,180.0,top
R8,130.5,-128.42,90.0,top
TH1,106.0,-154.0,270.0,top
U1,149.335,-149.8,180.0,top
U2,111.797349,-155.46,90.0,top
U3,128.297349,-155.5,90.0,top
U4,122.26,-116.48,270.0,top
U5,117.5,-125.98,90.0,top
