Designator,Footprint,Quantity,Value,LCSC Part #
"C1, C8",CP_Radial_D8.0mm_P3.80mm,2,470uF 35V,
C11,C_Disc_D5.0mm_W2.5mm_P2.50mm,1,0.1nF,
"C12, C7",C_Disc_D5.0mm_W2.5mm_P2.50mm,2,0.01uF,
"C13, C14",CP_Radial_D8.0mm_P5.00mm,2,220uF 35V,
"C2, C3",C_Disc_D5.0mm_W2.5mm_P2.50mm,2,0.47uF,
"C4, C9",C_Disc_D5.0mm_W2.5mm_P2.50mm,2,50V 10uF,
"C5, C6",C_Radial_D6.3mm_H7.0mm_P2.50mm,2,220uF 15V,
"D1, D2",TO-220-2_Vertical,2,6TQO45S,
D3,LED_D5.0mm,1,Status LED,
D4,LED_D5.0mm,1,ProgramLED,
D5,D_DO-201AD_P15.24mm_Horizontal,1,TVS Diode 5V,
J1,"TerminalBlock_Phoenix_MKDS-1,5-2-5.08_1x02_P5.08mm_Horizontal",1,Switch,
J2,"TerminalBlock_Phoenix_MKDS-1,5-2-5.08_1x02_P5.08mm_Horizontal",1,Jetson PWR,
J3,JST_XH_B3B-XH-A_1x03_P2.50mm_Vertical,1,Servo Com,
J4,JST_XH_B2B-XH-A_1x02_P2.50mm_Vertical,1,Servo PWR,
J5,JST_XH_B3B-XH-A_1x03_P2.50mm_Vertical,1,Motor Driver Com,
J6,JST_XH_B3B-XH-A_1x03_P2.50mm_Vertical,1,Jetson Com,
J7,JST_XH_B2B-XH-A_1x02_P2.50mm_Vertical,1,Start BUT,
J9,"TerminalBlock_Phoenix_MKDS-1,5-2-5.08_1x02_P5.08mm_Horizontal",1,Motor PWR,
L1,L_Radial_D18.0mm_P10.00mm,1,22uH 10A,
L2,L_Radial_D18.0mm_P10.00mm,1,22 uH 10A,
"Q1, Q4",SOP-8_L4.9-W3.9-P1.27-LS6.0-BL,2,AO4407A_C557949,C557949
Q2,AMASS_XT60-M_1x02_P7.20mm_Vertical,1,XT60 Lipo 2,
Q3,AMASS_XT60-M_1x02_P7.20mm_Vertical,1,XT60 Lipo 1,
"R5, R7",R_Axial_DIN0207_L6.3mm_D2.5mm_P10.16mm_Horizontal,2,220 O,
R6,R_Axial_DIN0207_L6.3mm_D2.5mm_P10.16mm_Horizontal,1,100k,
R8,R_Axial_DIN0207_L6.3mm_D2.5mm_P10.16mm_Horizontal,1,22K,
TH1,PFRA400,1,Thermistor_PTC,
U1,XCVR_ESP32-S3-DEVKITC-1-N8R2,1,ESP32-S3-DevKitC,
U2,TO-220-7-L10.5-W4.5-P1.27-BL,1,LM2678T-5.0,LLM2678T-5.0
U3,TO-220-7-L10.5-W4.5-P1.27-BL,1,LM2678T-12.0,LLM2678T-5.0
"U4, U5",TSOT-23-6_L2.9-W1.6-P0.95-LS2.8-BR,2,LTC4412ES6#TRPBF,C514442
