pack,t_s,voltage_v
race_450,0.0,16.533
race_450,1.0,16.533
race_450,2.0,16.533
race_450,3.0,16.533
race_450,4.0,16.533
race_450,5.0,16.533
race_450,6.0,16.533
race_450,7.0,16.533
race_450,8.0,16.533
race_450,9.0,16.533
race_450,10.0,16.533
race_450,11.0,16.533
race_450,12.0,16.533
race_450,13.0,16.533
race_450,14.0,16.533
race_450,15.0,16.442
race_450,16.0,16.442
race_450,17.0,16.442
race_450,18.0,16.442
race_450,19.0,16.442
race_450,20.0,16.442
race_450,21.0,16.442
race_450,22.0,16.442
race_450,23.0,16.442
race_450,24.0,16.442
race_450,25.0,16.442
race_450,26.0,16.442
race_450,27.0,16.442
race_450,28.0,16.442
race_450,29.0,16.442
race_450,30.0,16.345
race_450,31.0,16.345
race_450,32.0,16.345
race_450,33.0,16.345
race_450,34.0,16.345
race_450,35.0,16.345
race_450,36.0,16.345
race_450,37.0,16.345
race_450,38.0,16.345
race_450,39.0,16.345
race_450,40.0,16.345
race_450,41.0,16.345
race_450,42.0,16.345
race_450,43.0,16.345
race_450,44.0,16.345
race_450,45.0,16.35
race_450,46.0,16.35
race_450,47.0,16.35
race_450,48.0,16.35
race_450,49.0,16.35
race_450,50.0,16.35
race_450,51.0,16.35
race_450,52.0,16.35
race_450,53.0,16.35
race_450,54.0,16.35
race_450,55.0,16.35
race_450,56.0,16.35
race_450,57.0,16.35
race_450,58.0,16.35
race_450,59.0,16.35
race_450,60.0,16.316
race_450,61.0,16.316
race_450,62.0,16.316
race_450,63.0,16.316
race_450,64.0,16.316
race_450,65.0,16.316
race_450,66.0,16.316
race_450,67.0,16.316
race_450,68.0,16.316
race_450,69.0,16.316
race_450,70.0,16.316
race_450,71.0,16.316
race_450,72.0,16.316
race_450,73.0,16.316
race_450,74.0,16.316
race_450,75.0,16.269
race_450,76.0,16.269
race_450,77.0,16.269
race_450,78.0,16.269
race_450,79.0,16.269
race_450,80.0,16.269
race_450,81.0,16.269
race_450,82.0,16.269
race_450,83.0,16.269
race_450,84.0,16.269
race_450,85.0,16.269
race_450,86.0,16.269
race_450,87.0,16.269
race_450,88.0,16.269
race_450,89.0,16.269
race_450,90.0,16.224
race_450,91.0,16.224
race_450,92.0,16.224
race_450,93.0,16.224
race_450,94.0,16.224
race_450,95.0,16.224
race_450,96.0,16.224
race_450,97.0,16.224
race_450,98.0,16.224
race_450,99.0,16.224
race_450,100.0,16.224
race_450,101.0,16.224
race_450,102.0,16.224
race_450,103.0,16.224
race_450,104.0,16.224
race_450,105.0,16.169
race_450,106.0,16.169
race_450,107.0,16.169
race_450,108.0,16.169
race_450,109.0,16.169
race_450,110.0,16.169
race_450,111.0,16.169
race_450,112.0,16.169
race_450,113.0,16.169
race_450,114.0,16.169
race_450,115.0,16.169
race_450,116.0,16.169
race_450,117.0,16.169
race_450,118.0,16.169
race_450,119.0,16.169
race_450,120.0,16.151
race_450,121.0,16.151
race_450,122.0,16.151
race_450,123.0,16.151
race_450,124.0,16.151
race_450,125.0,16.151
race_450,126.0,16.151
race_450,127.0,16.151
race_450,128.0,16.151
race_450,129.0,16.151
race_450,130.0,16.151
race_450,131.0,16.151
race_450,132.0,16.151
race_450,133.0,16.151
race_450,134.0,16.151
race_450,135.0,16.123
race_450,136.0,16.123
race_450,137.0,16.123
race_450,138.0,16.123
race_450,139.0,16.123
race_450,140.0,16.123
race_450,141.0,16.123
race_450,142.0,16.123
race_450,143.0,16.123
race_450,144.0,16.123
race_450,145.0,16.123
race_450,146.0,16.123
race_450,147.0,16.123
race_450,148.0,16.123
race_450,149.0,16.123
race_450,150.0,16.081
race_450,151.0,16.081
race_450,152.0,16.081
race_450,153.0,16.081
race_450,154.0,16.081
race_450,155.0,16.081
race_450,156.0,16.081
race_450,157.0,16.081
race_450,158.0,16.081
race_450,159.0,16.081
race_450,160.0,16.081
race_450,161.0,16.081
race_450,162.0,16.081
race_450,163.0,16.081
race_450,164.0,16.081
race_450,165.0,16.063
race_450,166.0,16.063
race_450,167.0,16.063
race_450,168.0,16.063
race_450,169.0,16.063
race_450,170.0,16.063
race_450,171.0,16.063
race_450,172.0,16.063
race_450,173.0,16.063
race_450,174.0,16.063
race_450,175.0,16.063
race_450,176.0,16.063
race_450,177.0,16.063
race_450,178.0,16.063
race_450,179.0,16.063
race_450,180.0,15.995
race_450,181.0,15.995
race_450,182.0,15.995
race_450,183.0,15.995
race_450,184.0,15.995
race_450,185.0,15.995
race_450,186.0,15.995
race_450,187.0,15.995
race_450,188.0,15.995
race_450,189.0,15.995
race_450,190.0,15.995
race_450,191.0,15.995
race_450,192.0,15.995
race_450,193.0,15.995
race_450,194.0,15.995
race_450,195.0,15.953
race_450,196.0,15.953
race_450,197.0,15.953
race_450,198.0,15.953
race_450,199.0,15.953
race_450,200.0,15.953
race_450,201.0,15.953
race_450,202.0,15.953
race_450,203.0,15.953
race_450,204.0,15.953
race_450,205.0,15.953
race_450,206.0,15.953
race_450,207.0,15.953
race_450,208.0,15.953
race_450,209.0,15.953
race_450,210.0,15.918
race_450,211.0,15.918
race_450,212.0,15.918
race_450,213.0,15.918
race_450,214.0,15.918
race_450,215.0,15.918
race_450,216.0,15.918
race_450,217.0,15.918
race_450,218.0,15.918
race_450,219.0,15.918
race_450,220.0,15.918
race_450,221.0,15.918
race_450,222.0,15.918
race_450,223.0,15.918
race_450,224.0,15.918
race_450,225.0,15.855
race_450,226.0,15.855
race_450,227.0,15.855
race_450,228.0,15.855
race_450,229.0,15.855
race_450,230.0,15.855
race_450,231.0,15.855
race_450,232.0,15.855
race_450,233.0,15.855
race_450,234.0,15.855
race_450,235.0,15.855
race_450,236.0,15.855
race_450,237.0,15.855
race_450,238.0,15.855
race_450,239.0,15.855
race_450,240.0,15.822
race_450,241.0,15.822
race_450,242.0,15.822
race_450,243.0,15.822
race_450,244.0,15.822
race_450,245.0,15.822
race_450,246.0,15.822
race_450,247.0,15.822
race_450,248.0,15.822
race_450,249.0,15.822
race_450,250.0,15.822
race_450,251.0,15.822
race_450,252.0,15.822
race_450,253.0,15.822
race_450,254.0,15.822
race_450,255.0,15.763
race_450,256.0,15.763
race_450,257.0,15.763
race_450,258.0,15.763
race_450,259.0,15.763
race_450,260.0,15.763
race_450,261.0,15.763
race_450,262.0,15.763
race_450,263.0,15.763
race_450,264.0,15.763
race_450,265.0,15.763
race_450,266.0,15.763
race_450,267.0,15.763
race_450,268.0,15.763
race_450,269.0,15.763
race_450,270.0,15.749
race_450,271.0,15.749
race_450,272.0,15.749
race_450,273.0,15.749
race_450,274.0,15.749
race_450,275.0,15.749
race_450,276.0,15.749
race_450,277.0,15.749
race_450,278.0,15.749
race_450,279.0,15.749
race_450,280.0,15.749
race_450,281.0,15.749
race_450,282.0,15.749
race_450,283.0,15.749
race_450,284.0,15.749
race_450,285.0,15.727
race_450,286.0,15.727
race_450,287.0,15.727
race_450,288.0,15.727
race_450,289.0,15.727
race_450,290.0,15.727
race_450,291.0,15.727
race_450,292.0,15.727
race_450,293.0,15.727
race_450,294.0,15.727
race_450,295.0,15.727
race_450,296.0,15.727
race_450,297.0,15.727
race_450,298.0,15.727
race_450,299.0,15.727
race_450,300.0,15.664
race_450,301.0,15.664
race_450,302.0,15.664
race_450,303.0,15.664
race_450,304.0,15.664
race_450,305.0,15.664
race_450,306.0,15.664
race_450,307.0,15.664
race_450,308.0,15.664
race_450,309.0,15.664
race_450,310.0,15.664
race_450,311.0,15.664
race_450,312.0,15.664
race_450,313.0,15.664
race_450,314.0,15.664
race_450,315.0,15.657
race_450,316.0,15.657
race_450,317.0,15.657
race_450,318.0,15.657
race_450,319.0,15.657
race_450,320.0,15.657
race_450,321.0,15.657
race_450,322.0,15.657
race_450,323.0,15.657
race_450,324.0,15.657
race_450,325.0,15.657
race_450,326.0,15.657
race_450,327.0,15.657
race_450,328.0,15.657
race_450,329.0,15.657
race_450,330.0,15.633
race_450,331.0,15.633
race_450,332.0,15.633
race_450,333.0,15.633
race_450,334.0,15.633
race_450,335.0,15.633
race_450,336.0,15.633
race_450,337.0,15.633
race_450,338.0,15.633
race_450,339.0,15.633
race_450,340.0,15.633
race_450,341.0,15.633
race_450,342.0,15.633
race_450,343.0,15.633
race_450,344.0,15.633
race_450,345.0,15.608
race_450,346.0,15.608
race_450,347.0,15.608
race_450,348.0,15.608
race_450,349.0,15.608
race_450,350.0,15.608
race_450,351.0,15.608
race_450,352.0,15.608
race_450,353.0,15.608
race_450,354.0,15.608
race_450,355.0,15.608
race_450,356.0,15.608
race_450,357.0,15.608
race_450,358.0,15.608
race_450,359.0,15.608
race_450,360.0,15.582
race_450,361.0,15.582
race_450,362.0,15.582
race_450,363.0,15.582
race_450,364.0,15.582
race_450,365.0,15.582
race_450,366.0,15.582
race_450,367.0,15.582
race_450,368.0,15.582
race_450,369.0,15.582
race_450,370.0,15.582
race_450,371.0,15.582
race_450,372.0,15.582
race_450,373.0,15.582
race_450,374.0,15.582
race_450,375.0,15.553
race_450,376.0,15.553
race_450,377.0,15.553
race_450,378.0,15.553
race_450,379.0,15.553
race_450,380.0,15.553
race_450,381.0,15.553
race_450,382.0,15.553
race_450,383.0,15.553
race_450,384.0,15.553
race_450,385.0,15.553
race_450,386.0,15.553
race_450,387.0,15.553
race_450,388.0,15.553
race_450,389.0,15.553
race_450,390.0,15.519
race_450,391.0,15.519
race_450,392.0,15.519
race_450,393.0,15.519
race_450,394.0,15.519
race_450,395.0,15.519
race_450,396.0,15.519
race_450,397.0,15.519
race_450,398.0,15.519
race_450,399.0,15.519
race_450,400.0,15.519
race_450,401.0,15.519
race_450,402.0,15.519
race_450,403.0,15.519
race_450,404.0,15.519
race_450,405.0,15.5
race_450,406.0,15.5
race_450,407.0,15.5
race_450,408.0,15.5
race_450,409.0,15.5
race_450,410.0,15.5
race_450,411.0,15.5
race_450,412.0,15.5
race_450,413.0,15.5
race_450,414.0,15.5
race_450,415.0,15.5
race_450,416.0,15.5
race_450,417.0,15.5
race_450,418.0,15.5
race_450,419.0,15.5
race_450,420.0,15.459
race_450,421.0,15.459
race_450,422.0,15.459
race_450,423.0,15.459
race_450,424.0,15.459
race_450,425.0,15.459
race_450,426.0,15.459
race_450,427.0,15.459
race_450,428.0,15.459
race_450,429.0,15.459
race_450,430.0,15.459
race_450,431.0,15.459
race_450,432.0,15.459
race_450,433.0,15.459
race_450,434.0,15.459
race_450,435.0,15.444
race_450,436.0,15.444
race_450,437.0,15.444
race_450,438.0,15.444
race_450,439.0,15.444
race_450,440.0,15.444
race_450,441.0,15.444
race_450,442.0,15.444
race_450,443.0,15.444
race_450,444.0,15.444
race_450,445.0,15.444
race_450,446.0,15.444
race_450,447.0,15.444
race_450,448.0,15.444
race_450,449.0,15.444
race_450,450.0,15.411
race_450,451.0,15.411
race_450,452.0,15.411
race_450,453.0,15.411
race_450,454.0,15.411
race_450,455.0,15.411
race_450,456.0,15.411
race_450,457.0,15.411
race_450,458.0,15.411
race_450,459.0,15.411
race_450,460.0,15.411
race_450,461.0,15.411
race_450,462.0,15.411
race_450,463.0,15.411
race_450,464.0,15.411
race_450,465.0,15.397
race_450,466.0,15.397
race_450,467.0,15.397
race_450,468.0,15.397
race_450,469.0,15.397
race_450,470.0,15.397
race_450,471.0,15.397
race_450,472.0,15.397
race_450,473.0,15.397
race_450,474.0,15.397
race_450,475.0,15.397
race_450,476.0,15.397
race_450,477.0,15.397
race_450,478.0,15.397
race_450,479.0,15.397
race_450,480.0,15.373
race_450,481.0,15.373
race_450,482.0,15.373
race_450,483.0,15.373
race_450,484.0,15.373
race_450,485.0,15.373
race_450,486.0,15.373
race_450,487.0,15.373
race_450,488.0,15.373
race_450,489.0,15.373
race_450,490.0,15.373
race_450,491.0,15.373
race_450,492.0,15.373
race_450,493.0,15.373
race_450,494.0,15.373
race_450,495.0,15.334
race_450,496.0,15.334
race_450,497.0,15.334
race_450,498.0,15.334
race_450,499.0,15.334
race_450,500.0,15.334
race_450,501.0,15.334
race_450,502.0,15.334
race_450,503.0,15.334
race_450,504.0,15.334
race_450,505.0,15.334
race_450,506.0,15.334
race_450,507.0,15.334
race_450,508.0,15.334
race_450,509.0,15.334
race_450,510.0,15.324
race_450,511.0,15.324
race_450,512.0,15.324
race_450,513.0,15.324
race_450,514.0,15.324
race_450,515.0,15.324
race_450,516.0,15.324
race_450,517.0,15.324
race_450,518.0,15.324
race_450,519.0,15.324
race_450,520.0,15.324
race_450,521.0,15.324
race_450,522.0,15.324
race_450,523.0,15.324
race_450,524.0,15.324
race_450,525.0,15.285
race_450,526.0,15.285
race_450,527.0,15.285
race_450,528.0,15.285
race_450,529.0,15.285
race_450,530.0,15.285
race_450,531.0,15.285
race_450,532.0,15.285
race_450,533.0,15.285
race_450,534.0,15.285
race_450,535.0,15.285
race_450,536.0,15.285
race_450,537.0,15.285
race_450,538.0,15.285
race_450,539.0,15.285
race_450,540.0,15.283
race_450,541.0,15.283
race_450,542.0,15.283
race_450,543.0,15.283
race_450,544.0,15.283
race_450,545.0,15.283
race_450,546.0,15.283
race_450,547.0,15.283
race_450,548.0,15.283
race_450,549.0,15.283
race_450,550.0,15.283
race_450,551.0,15.283
race_450,552.0,15.283
race_450,553.0,15.283
race_450,554.0,15.283
race_450,555.0,15.256
race_450,556.0,15.256
race_450,557.0,15.256
race_450,558.0,15.256
race_450,559.0,15.256
race_450,560.0,15.256
race_450,561.0,15.256
race_450,562.0,15.256
race_450,563.0,15.256
race_450,564.0,15.256
race_450,565.0,15.256
race_450,566.0,15.256
race_450,567.0,15.256
race_450,568.0,15.256
race_450,569.0,15.256
race_450,570.0,15.229
race_450,571.0,15.229
race_450,572.0,15.229
race_450,573.0,15.229
race_450,574.0,15.229
race_450,575.0,15.229
race_450,576.0,15.229
race_450,577.0,15.229
race_450,578.0,15.229
race_450,579.0,15.229
race_450,580.0,15.229
race_450,581.0,15.229
race_450,582.0,15.229
race_450,583.0,15.229
race_450,584.0,15.229
race_450,585.0,15.205
race_450,586.0,15.205
race_450,587.0,15.205
race_450,588.0,15.205
race_450,589.0,15.205
race_450,590.0,15.205
race_450,591.0,15.205
race_450,592.0,15.205
race_450,593.0,15.205
race_450,594.0,15.205
race_450,595.0,15.205
race_450,596.0,15.205
race_450,597.0,15.205
race_450,598.0,15.205
race_450,599.0,15.205
race_450,599.7,15.174
race_450,600.0,15.174
race_450,601.0,15.174
race_450,602.0,15.174
race_450,603.0,15.174
race_450,604.0,15.174
race_450,605.0,15.174
race_450,606.0,15.174
race_450,607.0,15.174
race_450,608.0,15.174
race_450,609.0,15.174
race_450,610.0,15.174
race_450,611.0,15.174
race_450,612.0,15.174
race_450,613.0,15.174
race_450,614.0,15.174
race_450,615.0,15.168
race_450,616.0,15.168
race_450,617.0,15.168
race_450,618.0,15.168
race_450,619.0,15.168
race_450,620.0,15.168
race_450,621.0,15.168
race_450,622.0,15.168
race_450,623.0,15.168
race_450,624.0,15.168
race_450,625.0,15.168
race_450,626.0,15.168
race_450,627.0,15.168
race_450,628.0,15.168
race_450,629.0,15.168
race_450,630.0,15.148
race_450,631.0,15.148
race_450,632.0,15.148
race_450,633.0,15.148
race_450,634.0,15.148
race_450,635.0,15.148
race_450,636.0,15.148
race_450,637.0,15.148
race_450,638.0,15.148
race_450,639.0,15.148
race_450,640.0,15.148
race_450,641.0,15.148
race_450,642.0,15.148
race_450,643.0,15.148
race_450,644.0,15.148
race_450,645.0,15.126
race_450,646.0,15.126
race_450,647.0,15.126
race_450,648.0,15.126
race_450,649.0,15.126
race_450,650.0,15.126
race_450,651.0,15.126
race_450,652.0,15.126
race_450,653.0,15.126
race_450,654.0,15.126
race_450,655.0,15.126
race_450,656.0,15.126
race_450,657.0,15.126
race_450,658.0,15.126
race_450,659.0,15.126
race_450,659.7,15.111
race_450,660.0,15.111
race_450,661.0,15.111
race_450,662.0,15.111
race_450,663.0,15.111
race_450,664.0,15.111
race_450,665.0,15.111
race_450,666.0,15.111
race_450,667.0,15.111
race_450,668.0,15.111
race_450,669.0,15.111
race_450,670.0,15.111
race_450,671.0,15.111
race_450,672.0,15.111
race_450,673.0,15.111
race_450,674.0,15.111
race_450,675.0,15.073
race_450,676.0,15.073
race_450,677.0,15.073
race_450,678.0,15.073
race_450,679.0,15.073
race_450,680.0,15.073
race_450,681.0,15.073
race_450,682.0,15.073
race_450,683.0,15.073
race_450,684.0,15.073
race_450,685.0,15.073
race_450,686.0,15.073
race_450,687.0,15.073
race_450,688.0,15.073
race_450,689.0,15.073
race_450,690.0,15.062
race_450,691.0,15.062
race_450,692.0,15.062
race_450,693.0,15.062
race_450,694.0,15.062
race_450,695.0,15.062
race_450,696.0,15.062
race_450,697.0,15.062
race_450,698.0,15.062
race_450,699.0,15.062
race_450,700.0,15.062
race_450,701.0,15.062
race_450,702.0,15.062
race_450,703.0,15.062
race_450,704.0,15.062
race_450,705.0,15.047
race_450,706.0,15.047
race_450,707.0,15.047
race_450,708.0,15.047
race_450,709.0,15.047
race_450,710.0,15.047
race_450,711.0,15.047
race_450,712.0,15.047
race_450,713.0,15.047
race_450,714.0,15.047
race_450,715.0,15.047
race_450,716.0,15.047
race_450,717.0,15.047
race_450,718.0,15.047
race_450,719.0,15.047
race_450,719.7,15.033
race_450,720.0,15.033
race_450,721.0,15.033
race_450,722.0,15.033
race_450,723.0,15.033
race_450,724.0,15.033
race_450,725.0,15.033
race_450,726.0,15.033
race_450,727.0,15.033
race_450,728.0,15.033
race_450,729.0,15.033
race_450,730.0,15.033
race_450,731.0,15.033
race_450,732.0,15.033
race_450,733.0,15.033
race_450,734.0,15.033
race_450,735.0,15.032
race_450,736.0,15.032
race_450,737.0,15.032
race_450,738.0,15.032
race_450,739.0,15.032
race_450,740.0,15.032
race_450,741.0,15.032
race_450,742.0,15.032
race_450,743.0,15.032
race_450,744.0,15.032
race_450,745.0,15.032
race_450,746.0,15.032
race_450,747.0,15.032
race_450,748.0,15.032
race_450,749.0,15.032
race_450,750.0,14.973
race_450,751.0,14.973
race_450,752.0,14.973
race_450,753.0,14.973
race_450,754.0,14.973
race_450,755.0,14.973
race_450,756.0,14.973
race_450,757.0,14.973
race_450,758.0,14.973
race_450,759.0,14.973
race_450,760.0,14.973
race_450,761.0,14.973
race_450,762.0,14.973
race_450,763.0,14.973
race_450,764.0,14.973
race_450,765.0,14.971
race_450,766.0,14.971
race_450,767.0,14.971
race_450,768.0,14.971
race_450,769.0,14.971
race_450,770.0,14.971
race_450,771.0,14.971
race_450,772.0,14.971
race_450,773.0,14.971
race_450,774.0,14.971
race_450,775.0,14.971
race_450,776.0,14.971
race_450,777.0,14.971
race_450,778.0,14.971
race_450,779.0,14.971
race_450,779.7,14.964
race_450,780.0,14.964
race_450,781.0,14.964
race_450,782.0,14.964
race_450,783.0,14.964
race_450,784.0,14.964
race_450,785.0,14.964
race_450,786.0,14.964
race_450,787.0,14.964
race_450,788.0,14.964
race_450,789.0,14.964
race_450,790.0,14.964
race_450,791.0,14.964
race_450,792.0,14.964
race_450,793.0,14.964
race_450,794.0,14.964
race_450,795.0,14.93
race_450,796.0,14.93
race_450,797.0,14.93
race_450,798.0,14.93
race_450,799.0,14.93
race_450,800.0,14.93
race_450,801.0,14.93
race_450,802.0,14.93
race_450,803.0,14.93
race_450,804.0,14.93
race_450,805.0,14.93
race_450,806.0,14.93
race_450,807.0,14.93
race_450,808.0,14.93
race_450,809.0,14.93
race_450,810.0,14.922
race_450,811.0,14.922
race_450,812.0,14.922
race_450,813.0,14.922
race_450,814.0,14.922
race_450,815.0,14.922
race_450,816.0,14.922
race_450,817.0,14.922
race_450,818.0,14.922
race_450,819.0,14.922
race_450,820.0,14.922
race_450,821.0,14.922
race_450,822.0,14.922
race_450,823.0,14.922
race_450,824.0,14.922
race_450,825.0,14.902
race_450,826.0,14.902
race_450,827.0,14.902
race_450,828.0,14.902
race_450,829.0,14.902
race_450,830.0,14.902
race_450,831.0,14.902
race_450,832.0,14.902
race_450,833.0,14.902
race_450,834.0,14.902
race_450,835.0,14.902
race_450,836.0,14.902
race_450,837.0,14.902
race_450,838.0,14.902
race_450,839.0,14.902
race_450,839.7,14.894
race_450,840.0,14.894
race_450,841.0,14.894
race_450,842.0,14.894
race_450,843.0,14.894
race_450,844.0,14.894
race_450,845.0,14.894
race_450,846.0,14.894
race_450,847.0,14.894
race_450,848.0,14.894
race_450,849.0,14.894
race_450,850.0,14.894
race_450,851.0,14.894
race_450,852.0,14.894
race_450,853.0,14.894
race_450,854.0,14.894
race_450,855.0,14.896
race_450,856.0,14.896
race_450,857.0,14.896
race_450,858.0,14.896
race_450,859.0,14.896
race_450,860.0,14.896
race_450,861.0,14.896
race_450,862.0,14.896
race_450,863.0,14.896
race_450,864.0,14.896
race_450,865.0,14.896
race_450,866.0,14.896
race_450,867.0,14.896
race_450,868.0,14.896
race_450,869.0,14.896
endurance_1150,0.0,16.893
endurance_1150,1.0,16.893
endurance_1150,2.0,16.893
endurance_1150,3.0,16.893
endurance_1150,4.0,16.893
endurance_1150,5.0,16.893
endurance_1150,6.0,16.893
endurance_1150,7.0,16.893
endurance_1150,8.0,16.893
endurance_1150,9.0,16.893
endurance_1150,10.0,16.893
endurance_1150,11.0,16.893
endurance_1150,12.0,16.893
endurance_1150,13.0,16.893
endurance_1150,14.0,16.893
endurance_1150,15.0,16.853
endurance_1150,16.0,16.853
endurance_1150,17.0,16.853
endurance_1150,18.0,16.853
endurance_1150,19.0,16.853
endurance_1150,20.0,16.853
endurance_1150,21.0,16.853
endurance_1150,22.0,16.853
endurance_1150,23.0,16.853
endurance_1150,24.0,16.853
endurance_1150,25.0,16.853
endurance_1150,26.0,16.853
endurance_1150,27.0,16.853
endurance_1150,28.0,16.853
endurance_1150,29.0,16.853
endurance_1150,30.0,16.839
endurance_1150,31.0,16.839
endurance_1150,32.0,16.839
endurance_1150,33.0,16.839
endurance_1150,34.0,16.839
endurance_1150,35.0,16.839
endurance_1150,36.0,16.839
endurance_1150,37.0,16.839
endurance_1150,38.0,16.839
endurance_1150,39.0,16.839
endurance_1150,40.0,16.839
endurance_1150,41.0,16.839
endurance_1150,42.0,16.839
endurance_1150,43.0,16.839
endurance_1150,44.0,16.839
endurance_1150,45.0,16.81
endurance_1150,46.0,16.81
endurance_1150,47.0,16.81
endurance_1150,48.0,16.81
endurance_1150,49.0,16.81
endurance_1150,50.0,16.81
endurance_1150,51.0,16.81
endurance_1150,52.0,16.81
endurance_1150,53.0,16.81
endurance_1150,54.0,16.81
endurance_1150,55.0,16.81
endurance_1150,56.0,16.81
endurance_1150,57.0,16.81
endurance_1150,58.0,16.81
endurance_1150,59.0,16.81
endurance_1150,60.0,16.791
endurance_1150,61.0,16.791
endurance_1150,62.0,16.791
endurance_1150,63.0,16.791
endurance_1150,64.0,16.791
endurance_1150,65.0,16.791
endurance_1150,66.0,16.791
endurance_1150,67.0,16.791
endurance_1150,68.0,16.791
endurance_1150,69.0,16.791
endurance_1150,70.0,16.791
endurance_1150,71.0,16.791
endurance_1150,72.0,16.791
endurance_1150,73.0,16.791
endurance_1150,74.0,16.791
endurance_1150,75.0,16.776
endurance_1150,76.0,16.776
endurance_1150,77.0,16.776
endurance_1150,78.0,16.776
endurance_1150,79.0,16.776
endurance_1150,80.0,16.776
endurance_1150,81.0,16.776
endurance_1150,82.0,16.776
endurance_1150,83.0,16.776
endurance_1150,84.0,16.776
endurance_1150,85.0,16.776
endurance_1150,86.0,16.776
endurance_1150,87.0,16.776
endurance_1150,88.0,16.776
endurance_1150,89.0,16.776
endurance_1150,90.0,16.742
endurance_1150,91.0,16.742
endurance_1150,92.0,16.742
endurance_1150,93.0,16.742
endurance_1150,94.0,16.742
endurance_1150,95.0,16.742
endurance_1150,96.0,16.742
endurance_1150,97.0,16.742
endurance_1150,98.0,16.742
endurance_1150,99.0,16.742
endurance_1150,100.0,16.742
endurance_1150,101.0,16.742
endurance_1150,102.0,16.742
endurance_1150,103.0,16.742
endurance_1150,104.0,16.742
endurance_1150,105.0,16.723
endurance_1150,106.0,16.723
endurance_1150,107.0,16.723
endurance_1150,108.0,16.723
endurance_1150,109.0,16.723
endurance_1150,110.0,16.723
endurance_1150,111.0,16.723
endurance_1150,112.0,16.723
endurance_1150,113.0,16.723
endurance_1150,114.0,16.723
endurance_1150,115.0,16.723
endurance_1150,116.0,16.723
endurance_1150,117.0,16.723
endurance_1150,118.0,16.723
endurance_1150,119.0,16.723
endurance_1150,120.0,16.717
endurance_1150,121.0,16.717
endurance_1150,122.0,16.717
endurance_1150,123.0,16.717
endurance_1150,124.0,16.717
endurance_1150,125.0,16.717
endurance_1150,126.0,16.717
endurance_1150,127.0,16.717
endurance_1150,128.0,16.717
endurance_1150,129.0,16.717
endurance_1150,130.0,16.717
endurance_1150,131.0,16.717
endurance_1150,132.0,16.717
endurance_1150,133.0,16.717
endurance_1150,134.0,16.717
endurance_1150,135.0,16.682
endurance_1150,136.0,16.682
endurance_1150,137.0,16.682
endurance_1150,138.0,16.682
endurance_1150,139.0,16.682
endurance_1150,140.0,16.682
endurance_1150,141.0,16.682
endurance_1150,142.0,16.682
endurance_1150,143.0,16.682
endurance_1150,144.0,16.682
endurance_1150,145.0,16.682
endurance_1150,146.0,16.682
endurance_1150,147.0,16.682
endurance_1150,148.0,16.682
endurance_1150,149.0,16.682
endurance_1150,150.0,16.672
endurance_1150,151.0,16.672
endurance_1150,152.0,16.672
endurance_1150,153.0,16.672
endurance_1150,154.0,16.672
endurance_1150,155.0,16.672
endurance_1150,156.0,16.672
endurance_1150,157.0,16.672
endurance_1150,158.0,16.672
endurance_1150,159.0,16.672
endurance_1150,160.0,16.672
endurance_1150,161.0,16.672
endurance_1150,162.0,16.672
endurance_1150,163.0,16.672
endurance_1150,164.0,16.672
endurance_1150,165.0,16.637
endurance_1150,166.0,16.637
endurance_1150,167.0,16.637
endurance_1150,168.0,16.637
endurance_1150,169.0,16.637
endurance_1150,170.0,16.637
endurance_1150,171.0,16.637
endurance_1150,172.0,16.637
endurance_1150,173.0,16.637
endurance_1150,174.0,16.637
endurance_1150,175.0,16.637
endurance_1150,176.0,16.637
endurance_1150,177.0,16.637
endurance_1150,178.0,16.637
endurance_1150,179.0,16.637
endurance_1150,180.0,16.636
endurance_1150,181.0,16.636
endurance_1150,182.0,16.636
endurance_1150,183.0,16.636
endurance_1150,184.0,16.636
endurance_1150,185.0,16.636
endurance_1150,186.0,16.636
endurance_1150,187.0,16.636
endurance_1150,188.0,16.636
endurance_1150,189.0,16.636
endurance_1150,190.0,16.636
endurance_1150,191.0,16.636
endurance_1150,192.0,16.636
endurance_1150,193.0,16.636
endurance_1150,194.0,16.636
endurance_1150,195.0,16.615
endurance_1150,196.0,16.615
endurance_1150,197.0,16.615
endurance_1150,198.0,16.615
endurance_1150,199.0,16.615
endurance_1150,200.0,16.615
endurance_1150,201.0,16.615
endurance_1150,202.0,16.615
endurance_1150,203.0,16.615
endurance_1150,204.0,16.615
endurance_1150,205.0,16.615
endurance_1150,206.0,16.615
endurance_1150,207.0,16.615
endurance_1150,208.0,16.615
endurance_1150,209.0,16.615
endurance_1150,210.0,16.6
endurance_1150,211.0,16.6
endurance_1150,212.0,16.6
endurance_1150,213.0,16.6
endurance_1150,214.0,16.6
endurance_1150,215.0,16.6
endurance_1150,216.0,16.6
endurance_1150,217.0,16.6
endurance_1150,218.0,16.6
endurance_1150,219.0,16.6
endurance_1150,220.0,16.6
endurance_1150,221.0,16.6
endurance_1150,222.0,16.6
endurance_1150,223.0,16.6
endurance_1150,224.0,16.6
endurance_1150,225.0,16.582
endurance_1150,226.0,16.582
endurance_1150,227.0,16.582
endurance_1150,228.0,16.582
endurance_1150,229.0,16.582
endurance_1150,230.0,16.582
endurance_1150,231.0,16.582
endurance_1150,232.0,16.582
endurance_1150,233.0,16.582
endurance_1150,234.0,16.582
endurance_1150,235.0,16.582
endurance_1150,236.0,16.582
endurance_1150,237.0,16.582
endurance_1150,238.0,16.582
endurance_1150,239.0,16.582
endurance_1150,240.0,16.53
endurance_1150,241.0,16.53
endurance_1150,242.0,16.53
endurance_1150,243.0,16.53
endurance_1150,244.0,16.53
endurance_1150,245.0,16.53
endurance_1150,246.0,16.53
endurance_1150,247.0,16.53
endurance_1150,248.0,16.53
endurance_1150,249.0,16.53
endurance_1150,250.0,16.53
endurance_1150,251.0,16.53
endurance_1150,252.0,16.53
endurance_1150,253.0,16.53
endurance_1150,254.0,16.53
endurance_1150,255.0,16.531
endurance_1150,256.0,16.531
endurance_1150,257.0,16.531
endurance_1150,258.0,16.531
endurance_1150,259.0,16.531
endurance_1150,260.0,16.531
endurance_1150,261.0,16.531
endurance_1150,262.0,16.531
endurance_1150,263.0,16.531
endurance_1150,264.0,16.531
endurance_1150,265.0,16.531
endurance_1150,266.0,16.531
endurance_1150,267.0,16.531
endurance_1150,268.0,16.531
endurance_1150,269.0,16.531
endurance_1150,270.0,16.511
endurance_1150,271.0,16.511
endurance_1150,272.0,16.511
endurance_1150,273.0,16.511
endurance_1150,274.0,16.511
endurance_1150,275.0,16.511
endurance_1150,276.0,16.511
endurance_1150,277.0,16.511
endurance_1150,278.0,16.511
endurance_1150,279.0,16.511
endurance_1150,280.0,16.511
endurance_1150,281.0,16.511
endurance_1150,282.0,16.511
endurance_1150,283.0,16.511
endurance_1150,284.0,16.511
endurance_1150,285.0,16.49
endurance_1150,286.0,16.49
endurance_1150,287.0,16.49
endurance_1150,288.0,16.49
endurance_1150,289.0,16.49
endurance_1150,290.0,16.49
endurance_1150,291.0,16.49
endurance_1150,292.0,16.49
endurance_1150,293.0,16.49
endurance_1150,294.0,16.49
endurance_1150,295.0,16.49
endurance_1150,296.0,16.49
endurance_1150,297.0,16.49
endurance_1150,298.0,16.49
endurance_1150,299.0,16.49
endurance_1150,300.0,16.477
endurance_1150,301.0,16.477
endurance_1150,302.0,16.477
endurance_1150,303.0,16.477
endurance_1150,304.0,16.477
endurance_1150,305.0,16.477
endurance_1150,306.0,16.477
endurance_1150,307.0,16.477
endurance_1150,308.0,16.477
endurance_1150,309.0,16.477
endurance_1150,310.0,16.477
endurance_1150,311.0,16.477
endurance_1150,312.0,16.477
endurance_1150,313.0,16.477
endurance_1150,314.0,16.477
endurance_1150,315.0,16.445
endurance_1150,316.0,16.445
endurance_1150,317.0,16.445
endurance_1150,318.0,16.445
endurance_1150,319.0,16.445
endurance_1150,320.0,16.445
endurance_1150,321.0,16.445
endurance_1150,322.0,16.445
endurance_1150,323.0,16.445
endurance_1150,324.0,16.445
endurance_1150,325.0,16.445
endurance_1150,326.0,16.445
endurance_1150,327.0,16.445
endurance_1150,328.0,16.445
endurance_1150,329.0,16.445
endurance_1150,330.0,16.443
endurance_1150,331.0,16.443
endurance_1150,332.0,16.443
endurance_1150,333.0,16.443
endurance_1150,334.0,16.443
endurance_1150,335.0,16.443
endurance_1150,336.0,16.443
endurance_1150,337.0,16.443
endurance_1150,338.0,16.443
endurance_1150,339.0,16.443
endurance_1150,340.0,16.443
endurance_1150,341.0,16.443
endurance_1150,342.0,16.443
endurance_1150,343.0,16.443
endurance_1150,344.0,16.443
endurance_1150,345.0,16.427
endurance_1150,346.0,16.427
endurance_1150,347.0,16.427
endurance_1150,348.0,16.427
endurance_1150,349.0,16.427
endurance_1150,350.0,16.427
endurance_1150,351.0,16.427
endurance_1150,352.0,16.427
endurance_1150,353.0,16.427
endurance_1150,354.0,16.427
endurance_1150,355.0,16.427
endurance_1150,356.0,16.427
endurance_1150,357.0,16.427
endurance_1150,358.0,16.427
endurance_1150,359.0,16.427
endurance_1150,360.0,16.419
endurance_1150,361.0,16.419
endurance_1150,362.0,16.419
endurance_1150,363.0,16.419
endurance_1150,364.0,16.419
endurance_1150,365.0,16.419
endurance_1150,366.0,16.419
endurance_1150,367.0,16.419
endurance_1150,368.0,16.419
endurance_1150,369.0,16.419
endurance_1150,370.0,16.419
endurance_1150,371.0,16.419
endurance_1150,372.0,16.419
endurance_1150,373.0,16.419
endurance_1150,374.0,16.419
endurance_1150,375.0,16.415
endurance_1150,376.0,16.415
endurance_1150,377.0,16.415
endurance_1150,378.0,16.415
endurance_1150,379.0,16.415
endurance_1150,380.0,16.415
endurance_1150,381.0,16.415
endurance_1150,382.0,16.415
endurance_1150,383.0,16.415
endurance_1150,384.0,16.415
endurance_1150,385.0,16.415
endurance_1150,386.0,16.415
endurance_1150,387.0,16.415
endurance_1150,388.0,16.415
endurance_1150,389.0,16.415
endurance_1150,390.0,16.388
endurance_1150,391.0,16.388
endurance_1150,392.0,16.388
endurance_1150,393.0,16.388
endurance_1150,394.0,16.388
endurance_1150,395.0,16.388
endurance_1150,396.0,16.388
endurance_1150,397.0,16.388
endurance_1150,398.0,16.388
endurance_1150,399.0,16.388
endurance_1150,400.0,16.388
endurance_1150,401.0,16.388
endurance_1150,402.0,16.388
endurance_1150,403.0,16.388
endurance_1150,404.0,16.388
endurance_1150,405.0,16.391
endurance_1150,406.0,16.391
endurance_1150,407.0,16.391
endurance_1150,408.0,16.391
endurance_1150,409.0,16.391
endurance_1150,410.0,16.391
endurance_1150,411.0,16.391
endurance_1150,412.0,16.391
endurance_1150,413.0,16.391
endurance_1150,414.0,16.391
endurance_1150,415.0,16.391
endurance_1150,416.0,16.391
endurance_1150,417.0,16.391
endurance_1150,418.0,16.391
endurance_1150,419.0,16.391
endurance_1150,420.0,16.383
endurance_1150,421.0,16.383
endurance_1150,422.0,16.383
endurance_1150,423.0,16.383
endurance_1150,424.0,16.383
endurance_1150,425.0,16.383
endurance_1150,426.0,16.383
endurance_1150,427.0,16.383
endurance_1150,428.0,16.383
endurance_1150,429.0,16.383
endurance_1150,430.0,16.383
endurance_1150,431.0,16.383
endurance_1150,432.0,16.383
endurance_1150,433.0,16.383
endurance_1150,434.0,16.383
endurance_1150,435.0,16.366
endurance_1150,436.0,16.366
endurance_1150,437.0,16.366
endurance_1150,438.0,16.366
endurance_1150,439.0,16.366
endurance_1150,440.0,16.366
endurance_1150,441.0,16.366
endurance_1150,442.0,16.366
endurance_1150,443.0,16.366
endurance_1150,444.0,16.366
endurance_1150,445.0,16.366
endurance_1150,446.0,16.366
endurance_1150,447.0,16.366
endurance_1150,448.0,16.366
endurance_1150,449.0,16.366
endurance_1150,450.0,16.343
endurance_1150,451.0,16.343
endurance_1150,452.0,16.343
endurance_1150,453.0,16.343
endurance_1150,454.0,16.343
endurance_1150,455.0,16.343
endurance_1150,456.0,16.343
endurance_1150,457.0,16.343
endurance_1150,458.0,16.343
endurance_1150,459.0,16.343
endurance_1150,460.0,16.343
endurance_1150,461.0,16.343
endurance_1150,462.0,16.343
endurance_1150,463.0,16.343
endurance_1150,464.0,16.343
endurance_1150,465.0,16.321
endurance_1150,466.0,16.321
endurance_1150,467.0,16.321
endurance_1150,468.0,16.321
endurance_1150,469.0,16.321
endurance_1150,470.0,16.321
endurance_1150,471.0,16.321
endurance_1150,472.0,16.321
endurance_1150,473.0,16.321
endurance_1150,474.0,16.321
endurance_1150,475.0,16.321
endurance_1150,476.0,16.321
endurance_1150,477.0,16.321
endurance_1150,478.0,16.321
endurance_1150,479.0,16.321
endurance_1150,480.0,16.29
endurance_1150,481.0,16.29
endurance_1150,482.0,16.29
endurance_1150,483.0,16.29
endurance_1150,484.0,16.29
endurance_1150,485.0,16.29
endurance_1150,486.0,16.29
endurance_1150,487.0,16.29
endurance_1150,488.0,16.29
endurance_1150,489.0,16.29
endurance_1150,490.0,16.29
endurance_1150,491.0,16.29
endurance_1150,492.0,16.29
endurance_1150,493.0,16.29
endurance_1150,494.0,16.29
endurance_1150,495.0,16.262
endurance_1150,496.0,16.262
endurance_1150,497.0,16.262
endurance_1150,498.0,16.262
endurance_1150,499.0,16.262
endurance_1150,500.0,16.262
endurance_1150,501.0,16.262
endurance_1150,502.0,16.262
endurance_1150,503.0,16.262
endurance_1150,504.0,16.262
endurance_1150,505.0,16.262
endurance_1150,506.0,16.262
endurance_1150,507.0,16.262
endurance_1150,508.0,16.262
endurance_1150,509.0,16.262
endurance_1150,510.0,16.22
endurance_1150,511.0,16.22
endurance_1150,512.0,16.22
endurance_1150,513.0,16.22
endurance_1150,514.0,16.22
endurance_1150,515.0,16.22
endurance_1150,516.0,16.22
endurance_1150,517.0,16.22
endurance_1150,518.0,16.22
endurance_1150,519.0,16.22
endurance_1150,520.0,16.22
endurance_1150,521.0,16.22
endurance_1150,522.0,16.22
endurance_1150,523.0,16.22
endurance_1150,524.0,16.22
endurance_1150,525.0,16.186
endurance_1150,526.0,16.186
endurance_1150,527.0,16.186
endurance_1150,528.0,16.186
endurance_1150,529.0,16.186
endurance_1150,530.0,16.186
endurance_1150,531.0,16.186
endurance_1150,532.0,16.186
endurance_1150,533.0,16.186
endurance_1150,534.0,16.186
endurance_1150,535.0,16.186
endurance_1150,536.0,16.186
endurance_1150,537.0,16.186
endurance_1150,538.0,16.186
endurance_1150,539.0,16.186
endurance_1150,540.0,16.148
endurance_1150,541.0,16.148
endurance_1150,542.0,16.148
endurance_1150,543.0,16.148
endurance_1150,544.0,16.148
endurance_1150,545.0,16.148
endurance_1150,546.0,16.148
endurance_1150,547.0,16.148
endurance_1150,548.0,16.148
endurance_1150,549.0,16.148
endurance_1150,550.0,16.148
endurance_1150,551.0,16.148
endurance_1150,552.0,16.148
endurance_1150,553.0,16.148
endurance_1150,554.0,16.148
endurance_1150,555.0,16.094
endurance_1150,556.0,16.094
endurance_1150,557.0,16.094
endurance_1150,558.0,16.094
endurance_1150,559.0,16.094
endurance_1150,560.0,16.094
endurance_1150,561.0,16.094
endurance_1150,562.0,16.094
endurance_1150,563.0,16.094
endurance_1150,564.0,16.094
endurance_1150,565.0,16.094
endurance_1150,566.0,16.094
endurance_1150,567.0,16.094
endurance_1150,568.0,16.094
endurance_1150,569.0,16.094
endurance_1150,570.0,16.081
endurance_1150,571.0,16.081
endurance_1150,572.0,16.081
endurance_1150,573.0,16.081
endurance_1150,574.0,16.081
endurance_1150,575.0,16.081
endurance_1150,576.0,16.081
endurance_1150,577.0,16.081
endurance_1150,578.0,16.081
endurance_1150,579.0,16.081
endurance_1150,580.0,16.081
endurance_1150,581.0,16.081
endurance_1150,582.0,16.081
endurance_1150,583.0,16.081
endurance_1150,584.0,16.081
endurance_1150,585.0,16.068
endurance_1150,586.0,16.068
endurance_1150,587.0,16.068
endurance_1150,588.0,16.068
endurance_1150,589.0,16.068
endurance_1150,590.0,16.068
endurance_1150,591.0,16.068
endurance_1150,592.0,16.068
endurance_1150,593.0,16.068
endurance_1150,594.0,16.068
endurance_1150,595.0,16.068
endurance_1150,596.0,16.068
endurance_1150,597.0,16.068
endurance_1150,598.0,16.068
endurance_1150,599.0,16.068
endurance_1150,600.0,16.052
endurance_1150,601.0,16.052
endurance_1150,602.0,16.052
endurance_1150,603.0,16.052
endurance_1150,604.0,16.052
endurance_1150,605.0,16.052
endurance_1150,606.0,16.052
endurance_1150,607.0,16.052
endurance_1150,608.0,16.052
endurance_1150,609.0,16.052
endurance_1150,610.0,16.052
endurance_1150,611.0,16.052
endurance_1150,612.0,16.052
endurance_1150,613.0,16.052
endurance_1150,614.0,16.052
endurance_1150,615.0,16.027
endurance_1150,616.0,16.027
endurance_1150,617.0,16.027
endurance_1150,618.0,16.027
endurance_1150,619.0,16.027
endurance_1150,620.0,16.027
endurance_1150,621.0,16.027
endurance_1150,622.0,16.027
endurance_1150,623.0,16.027
endurance_1150,624.0,16.027
endurance_1150,625.0,16.027
endurance_1150,626.0,16.027
endurance_1150,627.0,16.027
endurance_1150,628.0,16.027
endurance_1150,629.0,16.027
endurance_1150,630.0,16.012
endurance_1150,631.0,16.012
endurance_1150,632.0,16.012
endurance_1150,633.0,16.012
endurance_1150,634.0,16.012
endurance_1150,635.0,16.012
endurance_1150,636.0,16.012
endurance_1150,637.0,16.012
endurance_1150,638.0,16.012
endurance_1150,639.0,16.012
endurance_1150,640.0,16.012
endurance_1150,641.0,16.012
endurance_1150,642.0,16.012
endurance_1150,643.0,16.012
endurance_1150,644.0,16.012
endurance_1150,645.0,16.007
endurance_1150,646.0,16.007
endurance_1150,647.0,16.007
endurance_1150,648.0,16.007
endurance_1150,649.0,16.007
endurance_1150,650.0,16.007
endurance_1150,651.0,16.007
endurance_1150,652.0,16.007
endurance_1150,653.0,16.007
endurance_1150,654.0,16.007
endurance_1150,655.0,16.007
endurance_1150,656.0,16.007
endurance_1150,657.0,16.007
endurance_1150,658.0,16.007
endurance_1150,659.0,16.007
endurance_1150,660.0,15.972
endurance_1150,661.0,15.972
endurance_1150,662.0,15.972
endurance_1150,663.0,15.972
endurance_1150,664.0,15.972
endurance_1150,665.0,15.972
endurance_1150,666.0,15.972
endurance_1150,667.0,15.972
endurance_1150,668.0,15.972
endurance_1150,669.0,15.972
endurance_1150,670.0,15.972
endurance_1150,671.0,15.972
endurance_1150,672.0,15.972
endurance_1150,673.0,15.972
endurance_1150,674.0,15.972
endurance_1150,675.0,15.969
endurance_1150,676.0,15.969
endurance_1150,677.0,15.969
endurance_1150,678.0,15.969
endurance_1150,679.0,15.969
endurance_1150,680.0,15.969
endurance_1150,681.0,15.969
endurance_1150,682.0,15.969
endurance_1150,683.0,15.969
endurance_1150,684.0,15.969
endurance_1150,685.0,15.969
endurance_1150,686.0,15.969
endurance_1150,687.0,15.969
endurance_1150,688.0,15.969
endurance_1150,689.0,15.969
endurance_1150,690.0,15.951
endurance_1150,691.0,15.951
endurance_1150,692.0,15.951
endurance_1150,693.0,15.951
endurance_1150,694.0,15.951
endurance_1150,695.0,15.951
endurance_1150,696.0,15.951
endurance_1150,697.0,15.951
endurance_1150,698.0,15.951
endurance_1150,699.0,15.951
endurance_1150,700.0,15.951
endurance_1150,701.0,15.951
endurance_1150,702.0,15.951
endurance_1150,703.0,15.951
endurance_1150,704.0,15.951
endurance_1150,705.0,15.95
endurance_1150,706.0,15.95
endurance_1150,707.0,15.95
endurance_1150,708.0,15.95
endurance_1150,709.0,15.95
endurance_1150,710.0,15.95
endurance_1150,711.0,15.95
endurance_1150,712.0,15.95
endurance_1150,713.0,15.95
endurance_1150,714.0,15.95
endurance_1150,715.0,15.95
endurance_1150,716.0,15.95
endurance_1150,717.0,15.95
endurance_1150,718.0,15.95
endurance_1150,719.0,15.95
endurance_1150,720.0,15.945
endurance_1150,721.0,15.945
endurance_1150,722.0,15.945
endurance_1150,723.0,15.945
endurance_1150,724.0,15.945
endurance_1150,725.0,15.945
endurance_1150,726.0,15.945
endurance_1150,727.0,15.945
endurance_1150,728.0,15.945
endurance_1150,729.0,15.945
endurance_1150,730.0,15.945
endurance_1150,731.0,15.945
endurance_1150,732.0,15.945
endurance_1150,733.0,15.945
endurance_1150,734.0,15.945
endurance_1150,735.0,15.917
endurance_1150,736.0,15.917
endurance_1150,737.0,15.917
endurance_1150,738.0,15.917
endurance_1150,739.0,15.917
endurance_1150,740.0,15.917
endurance_1150,741.0,15.917
endurance_1150,742.0,15.917
endurance_1150,743.0,15.917
endurance_1150,744.0,15.917
endurance_1150,745.0,15.917
endurance_1150,746.0,15.917
endurance_1150,747.0,15.917
endurance_1150,748.0,15.917
endurance_1150,749.0,15.917
endurance_1150,750.0,15.914
endurance_1150,751.0,15.914
endurance_1150,752.0,15.914
endurance_1150,753.0,15.914
endurance_1150,754.0,15.914
endurance_1150,755.0,15.914
endurance_1150,756.0,15.914
endurance_1150,757.0,15.914
endurance_1150,758.0,15.914
endurance_1150,759.0,15.914
endurance_1150,760.0,15.914
endurance_1150,761.0,15.914
endurance_1150,762.0,15.914
endurance_1150,763.0,15.914
endurance_1150,764.0,15.914
endurance_1150,765.0,15.892
endurance_1150,766.0,15.892
endurance_1150,767.0,15.892
endurance_1150,768.0,15.892
endurance_1150,769.0,15.892
endurance_1150,770.0,15.892
endurance_1150,771.0,15.892
endurance_1150,772.0,15.892
endurance_1150,773.0,15.892
endurance_1150,774.0,15.892
endurance_1150,775.0,15.892
endurance_1150,776.0,15.892
endurance_1150,777.0,15.892
endurance_1150,778.0,15.892
endurance_1150,779.0,15.892
endurance_1150,780.0,15.888
endurance_1150,781.0,15.888
endurance_1150,782.0,15.888
endurance_1150,783.0,15.888
endurance_1150,784.0,15.888
endurance_1150,785.0,15.888
endurance_1150,786.0,15.888
endurance_1150,787.0,15.888
endurance_1150,788.0,15.888
endurance_1150,789.0,15.888
endurance_1150,790.0,15.888
endurance_1150,791.0,15.888
endurance_1150,792.0,15.888
endurance_1150,793.0,15.888
endurance_1150,794.0,15.888
endurance_1150,795.0,15.866
endurance_1150,796.0,15.866
endurance_1150,797.0,15.866
endurance_1150,798.0,15.866
endurance_1150,799.0,15.866
endurance_1150,800.0,15.866
endurance_1150,801.0,15.866
endurance_1150,802.0,15.866
endurance_1150,803.0,15.866
endurance_1150,804.0,15.866
endurance_1150,805.0,15.866
endurance_1150,806.0,15.866
endurance_1150,807.0,15.866
endurance_1150,808.0,15.866
endurance_1150,809.0,15.866
endurance_1150,810.0,15.861
endurance_1150,811.0,15.861
endurance_1150,812.0,15.861
endurance_1150,813.0,15.861
endurance_1150,814.0,15.861
endurance_1150,815.0,15.861
endurance_1150,816.0,15.861
endurance_1150,817.0,15.861
endurance_1150,818.0,15.861
endurance_1150,819.0,15.861
endurance_1150,820.0,15.861
endurance_1150,821.0,15.861
endurance_1150,822.0,15.861
endurance_1150,823.0,15.861
endurance_1150,824.0,15.861
endurance_1150,825.0,15.85
endurance_1150,826.0,15.85
endurance_1150,827.0,15.85
endurance_1150,828.0,15.85
endurance_1150,829.0,15.85
endurance_1150,830.0,15.85
endurance_1150,831.0,15.85
endurance_1150,832.0,15.85
endurance_1150,833.0,15.85
endurance_1150,834.0,15.85
endurance_1150,835.0,15.85
endurance_1150,836.0,15.85
endurance_1150,837.0,15.85
endurance_1150,838.0,15.85
endurance_1150,839.0,15.85
endurance_1150,840.0,15.84
endurance_1150,841.0,15.84
endurance_1150,842.0,15.84
endurance_1150,843.0,15.84
endurance_1150,844.0,15.84
endurance_1150,845.0,15.84
endurance_1150,846.0,15.84
endurance_1150,847.0,15.84
endurance_1150,848.0,15.84
endurance_1150,849.0,15.84
endurance_1150,850.0,15.84
endurance_1150,851.0,15.84
endurance_1150,852.0,15.84
endurance_1150,853.0,15.84
endurance_1150,854.0,15.84
endurance_1150,855.0,15.82
endurance_1150,856.0,15.82
endurance_1150,857.0,15.82
endurance_1150,858.0,15.82
endurance_1150,859.0,15.82
endurance_1150,860.0,15.82
endurance_1150,861.0,15.82
endurance_1150,862.0,15.82
endurance_1150,863.0,15.82
endurance_1150,864.0,15.82
endurance_1150,865.0,15.82
endurance_1150,866.0,15.82
endurance_1150,867.0,15.82
endurance_1150,868.0,15.82
endurance_1150,869.0,15.82
endurance_1150,870.0,15.807
endurance_1150,871.0,15.807
endurance_1150,872.0,15.807
endurance_1150,873.0,15.807
endurance_1150,874.0,15.807
endurance_1150,875.0,15.807
endurance_1150,876.0,15.807
endurance_1150,877.0,15.807
endurance_1150,878.0,15.807
endurance_1150,879.0,15.807
endurance_1150,880.0,15.807
endurance_1150,881.0,15.807
endurance_1150,882.0,15.807
endurance_1150,883.0,15.807
endurance_1150,884.0,15.807
endurance_1150,885.0,15.787
endurance_1150,886.0,15.787
endurance_1150,887.0,15.787
endurance_1150,888.0,15.787
endurance_1150,889.0,15.787
endurance_1150,890.0,15.787
endurance_1150,891.0,15.787
endurance_1150,892.0,15.787
endurance_1150,893.0,15.787
endurance_1150,894.0,15.787
endurance_1150,895.0,15.787
endurance_1150,896.0,15.787
endurance_1150,897.0,15.787
endurance_1150,898.0,15.787
endurance_1150,899.0,15.787
endurance_1150,900.0,15.774
endurance_1150,901.0,15.774
endurance_1150,902.0,15.774
endurance_1150,903.0,15.774
endurance_1150,904.0,15.774
endurance_1150,905.0,15.774
endurance_1150,906.0,15.774
endurance_1150,907.0,15.774
endurance_1150,908.0,15.774
endurance_1150,909.0,15.774
endurance_1150,910.0,15.774
endurance_1150,911.0,15.774
endurance_1150,912.0,15.774
endurance_1150,913.0,15.774
endurance_1150,914.0,15.774
endurance_1150,915.0,15.757
endurance_1150,916.0,15.757
endurance_1150,917.0,15.757
endurance_1150,918.0,15.757
endurance_1150,919.0,15.757
endurance_1150,920.0,15.757
endurance_1150,921.0,15.757
endurance_1150,922.0,15.757
endurance_1150,923.0,15.757
endurance_1150,924.0,15.757
endurance_1150,925.0,15.757
endurance_1150,926.0,15.757
endurance_1150,927.0,15.757
endurance_1150,928.0,15.757
endurance_1150,929.0,15.757
endurance_1150,930.0,15.749
endurance_1150,931.0,15.749
endurance_1150,932.0,15.749
endurance_1150,933.0,15.749
endurance_1150,934.0,15.749
endurance_1150,935.0,15.749
endurance_1150,936.0,15.749
endurance_1150,937.0,15.749
endurance_1150,938.0,15.749
endurance_1150,939.0,15.749
endurance_1150,940.0,15.749
endurance_1150,941.0,15.749
endurance_1150,942.0,15.749
endurance_1150,943.0,15.749
endurance_1150,944.0,15.749
endurance_1150,945.0,15.73
endurance_1150,946.0,15.73
endurance_1150,947.0,15.73
endurance_1150,948.0,15.73
endurance_1150,949.0,15.73
endurance_1150,950.0,15.73
endurance_1150,951.0,15.73
endurance_1150,952.0,15.73
endurance_1150,953.0,15.73
endurance_1150,954.0,15.73
endurance_1150,955.0,15.73
endurance_1150,956.0,15.73
endurance_1150,957.0,15.73
endurance_1150,958.0,15.73
endurance_1150,959.0,15.73
endurance_1150,960.0,15.691
endurance_1150,961.0,15.691
endurance_1150,962.0,15.691
endurance_1150,963.0,15.691
endurance_1150,964.0,15.691
endurance_1150,965.0,15.691
endurance_1150,966.0,15.691
endurance_1150,967.0,15.691
endurance_1150,968.0,15.691
endurance_1150,969.0,15.691
endurance_1150,970.0,15.691
endurance_1150,971.0,15.691
endurance_1150,972.0,15.691
endurance_1150,973.0,15.691
endurance_1150,974.0,15.691
endurance_1150,975.0,15.684
endurance_1150,976.0,15.684
endurance_1150,977.0,15.684
endurance_1150,978.0,15.684
endurance_1150,979.0,15.684
endurance_1150,980.0,15.684
endurance_1150,981.0,15.684
endurance_1150,982.0,15.684
endurance_1150,983.0,15.684
endurance_1150,984.0,15.684
endurance_1150,985.0,15.684
endurance_1150,986.0,15.684
endurance_1150,987.0,15.684
endurance_1150,988.0,15.684
endurance_1150,989.0,15.684
endurance_1150,990.0,15.66
endurance_1150,991.0,15.66
endurance_1150,992.0,15.66
endurance_1150,993.0,15.66
endurance_1150,994.0,15.66
endurance_1150,995.0,15.66
endurance_1150,996.0,15.66
endurance_1150,997.0,15.66
endurance_1150,998.0,15.66
endurance_1150,999.0,15.66
endurance_1150,1000.0,15.66
endurance_1150,1001.0,15.66
endurance_1150,1002.0,15.66
endurance_1150,1003.0,15.66
endurance_1150,1004.0,15.66
endurance_1150,1005.0,15.642
endurance_1150,1006.0,15.642
endurance_1150,1007.0,15.642
endurance_1150,1008.0,15.642
endurance_1150,1009.0,15.642
endurance_1150,1010.0,15.642
endurance_1150,1011.0,15.642
endurance_1150,1012.0,15.642
endurance_1150,1013.0,15.642
endurance_1150,1014.0,15.642
endurance_1150,1015.0,15.642
endurance_1150,1016.0,15.642
endurance_1150,1017.0,15.642
endurance_1150,1018.0,15.642
endurance_1150,1019.0,15.642
endurance_1150,1020.0,15.635
endurance_1150,1021.0,15.635
endurance_1150,1022.0,15.635
endurance_1150,1023.0,15.635
endurance_1150,1024.0,15.635
endurance_1150,1025.0,15.635
endurance_1150,1026.0,15.635
endurance_1150,1027.0,15.635
endurance_1150,1028.0,15.635
endurance_1150,1029.0,15.635
endurance_1150,1030.0,15.635
endurance_1150,1031.0,15.635
endurance_1150,1032.0,15.635
endurance_1150,1033.0,15.635
endurance_1150,1034.0,15.635
endurance_1150,1035.0,15.605
endurance_1150,1036.0,15.605
endurance_1150,1037.0,15.605
endurance_1150,1038.0,15.605
endurance_1150,1039.0,15.605
endurance_1150,1040.0,15.605
endurance_1150,1041.0,15.605
endurance_1150,1042.0,15.605
endurance_1150,1043.0,15.605
endurance_1150,1044.0,15.605
endurance_1150,1045.0,15.605
endurance_1150,1046.0,15.605
endurance_1150,1047.0,15.605
endurance_1150,1048.0,15.605
endurance_1150,1049.0,15.605
endurance_1150,1050.0,15.598
endurance_1150,1051.0,15.598
endurance_1150,1052.0,15.598
endurance_1150,1053.0,15.598
endurance_1150,1054.0,15.598
endurance_1150,1055.0,15.598
endurance_1150,1056.0,15.598
endurance_1150,1057.0,15.598
endurance_1150,1058.0,15.598
endurance_1150,1059.0,15.598
endurance_1150,1060.0,15.598
endurance_1150,1061.0,15.598
endurance_1150,1062.0,15.598
endurance_1150,1063.0,15.598
endurance_1150,1064.0,15.598
endurance_1150,1065.0,15.584
endurance_1150,1066.0,15.584
endurance_1150,1067.0,15.584
endurance_1150,1068.0,15.584
endurance_1150,1069.0,15.584
endurance_1150,1070.0,15.584
endurance_1150,1071.0,15.584
endurance_1150,1072.0,15.584
endurance_1150,1073.0,15.584
endurance_1150,1074.0,15.584
endurance_1150,1075.0,15.584
endurance_1150,1076.0,15.584
endurance_1150,1077.0,15.584
endurance_1150,1078.0,15.584
endurance_1150,1079.0,15.584
endurance_1150,1080.0,15.563
endurance_1150,1081.0,15.563
endurance_1150,1082.0,15.563
endurance_1150,1083.0,15.563
endurance_1150,1084.0,15.563
endurance_1150,1085.0,15.563
endurance_1150,1086.0,15.563
endurance_1150,1087.0,15.563
endurance_1150,1088.0,15.563
endurance_1150,1089.0,15.563
endurance_1150,1090.0,15.563
endurance_1150,1091.0,15.563
endurance_1150,1092.0,15.563
endurance_1150,1093.0,15.563
endurance_1150,1094.0,15.563
endurance_1150,1095.0,15.554
endurance_1150,1096.0,15.554
endurance_1150,1097.0,15.554
endurance_1150,1098.0,15.554
endurance_1150,1099.0,15.554
endurance_1150,1100.0,15.554
endurance_1150,1101.0,15.554
endurance_1150,1102.0,15.554
endurance_1150,1103.0,15.554
endurance_1150,1104.0,15.554
endurance_1150,1105.0,15.554
endurance_1150,1106.0,15.554
endurance_1150,1107.0,15.554
endurance_1150,1108.0,15.554
endurance_1150,1109.0,15.554
endurance_1150,1110.0,15.526
endurance_1150,1111.0,15.526
endurance_1150,1112.0,15.526
endurance_1150,1113.0,15.526
endurance_1150,1114.0,15.526
endurance_1150,1115.0,15.526
endurance_1150,1116.0,15.526
endurance_1150,1117.0,15.526
endurance_1150,1118.0,15.526
endurance_1150,1119.0,15.526
endurance_1150,1120.0,15.526
endurance_1150,1121.0,15.526
endurance_1150,1122.0,15.526
endurance_1150,1123.0,15.526
endurance_1150,1124.0,15.526
endurance_1150,1125.0,15.519
endurance_1150,1126.0,15.519
endurance_1150,1127.0,15.519
endurance_1150,1128.0,15.519
endurance_1150,1129.0,15.519
endurance_1150,1130.0,15.519
endurance_1150,1131.0,15.519
endurance_1150,1132.0,15.519
endurance_1150,1133.0,15.519
endurance_1150,1134.0,15.519
endurance_1150,1135.0,15.519
endurance_1150,1136.0,15.519
endurance_1150,1137.0,15.519
endurance_1150,1138.0,15.519
endurance_1150,1139.0,15.519
endurance_1150,1140.0,15.514
endurance_1150,1141.0,15.514
endurance_1150,1142.0,15.514
endurance_1150,1143.0,15.514
endurance_1150,1144.0,15.514
endurance_1150,1145.0,15.514
endurance_1150,1146.0,15.514
endurance_1150,1147.0,15.514
endurance_1150,1148.0,15.514
endurance_1150,1149.0,15.514
endurance_1150,1150.0,15.514
endurance_1150,1151.0,15.514
endurance_1150,1152.0,15.514
endurance_1150,1153.0,15.514
endurance_1150,1154.0,15.514
endurance_1150,1155.0,15.5
endurance_1150,1156.0,15.5
endurance_1150,1157.0,15.5
endurance_1150,1158.0,15.5
endurance_1150,1159.0,15.5
endurance_1150,1160.0,15.5
endurance_1150,1161.0,15.5
endurance_1150,1162.0,15.5
endurance_1150,1163.0,15.5
endurance_1150,1164.0,15.5
endurance_1150,1165.0,15.5
endurance_1150,1166.0,15.5
endurance_1150,1167.0,15.5
endurance_1150,1168.0,15.5
endurance_1150,1169.0,15.5
endurance_1150,1170.0,15.464
endurance_1150,1171.0,15.464
endurance_1150,1172.0,15.464
endurance_1150,1173.0,15.464
endurance_1150,1174.0,15.464
endurance_1150,1175.0,15.464
endurance_1150,1176.0,15.464
endurance_1150,1177.0,15.464
endurance_1150,1178.0,15.464
endurance_1150,1179.0,15.464
endurance_1150,1180.0,15.464
endurance_1150,1181.0,15.464
endurance_1150,1182.0,15.464
endurance_1150,1183.0,15.464
endurance_1150,1184.0,15.464
endurance_1150,1185.0,15.444
endurance_1150,1186.0,15.444
endurance_1150,1187.0,15.444
endurance_1150,1188.0,15.444
endurance_1150,1189.0,15.444
endurance_1150,1190.0,15.444
endurance_1150,1191.0,15.444
endurance_1150,1192.0,15.444
endurance_1150,1193.0,15.444
endurance_1150,1194.0,15.444
endurance_1150,1195.0,15.444
endurance_1150,1196.0,15.444
endurance_1150,1197.0,15.444
endurance_1150,1198.0,15.444
endurance_1150,1199.0,15.444
endurance_1150,1200.0,15.445
endurance_1150,1201.0,15.445
endurance_1150,1202.0,15.445
endurance_1150,1203.0,15.445
endurance_1150,1204.0,15.445
endurance_1150,1205.0,15.445
endurance_1150,1206.0,15.445
endurance_1150,1207.0,15.445
endurance_1150,1208.0,15.445
endurance_1150,1209.0,15.445
endurance_1150,1210.0,15.445
endurance_1150,1211.0,15.445
endurance_1150,1212.0,15.445
endurance_1150,1213.0,15.445
endurance_1150,1214.0,15.445
endurance_1150,1215.0,15.435
endurance_1150,1216.0,15.435
endurance_1150,1217.0,15.435
endurance_1150,1218.0,15.435
endurance_1150,1219.0,15.435
endurance_1150,1220.0,15.435
endurance_1150,1221.0,15.435
endurance_1150,1222.0,15.435
endurance_1150,1223.0,15.435
endurance_1150,1224.0,15.435
endurance_1150,1225.0,15.435
endurance_1150,1226.0,15.435
endurance_1150,1227.0,15.435
endurance_1150,1228.0,15.435
endurance_1150,1229.0,15.435
endurance_1150,1230.0,15.424
endurance_1150,1231.0,15.424
endurance_1150,1232.0,15.424
endurance_1150,1233.0,15.424
endurance_1150,1234.0,15.424
endurance_1150,1235.0,15.424
endurance_1150,1236.0,15.424
endurance_1150,1237.0,15.424
endurance_1150,1238.0,15.424
endurance_1150,1239.0,15.424
endurance_1150,1240.0,15.424
endurance_1150,1241.0,15.424
endurance_1150,1242.0,15.424
endurance_1150,1243.0,15.424
endurance_1150,1244.0,15.424
endurance_1150,1245.0,15.409
endurance_1150,1246.0,15.409
endurance_1150,1247.0,15.409
endurance_1150,1248.0,15.409
endurance_1150,1249.0,15.409
endurance_1150,1250.0,15.409
endurance_1150,1251.0,15.409
endurance_1150,1252.0,15.409
endurance_1150,1253.0,15.409
endurance_1150,1254.0,15.409
endurance_1150,1255.0,15.409
endurance_1150,1256.0,15.409
endurance_1150,1257.0,15.409
endurance_1150,1258.0,15.409
endurance_1150,1259.0,15.409
endurance_1150,1260.0,15.386
endurance_1150,1261.0,15.386
endurance_1150,1262.0,15.386
endurance_1150,1263.0,15.386
endurance_1150,1264.0,15.386
endurance_1150,1265.0,15.386
endurance_1150,1266.0,15.386
endurance_1150,1267.0,15.386
endurance_1150,1268.0,15.386
endurance_1150,1269.0,15.386
endurance_1150,1270.0,15.386
endurance_1150,1271.0,15.386
endurance_1150,1272.0,15.386
endurance_1150,1273.0,15.386
endurance_1150,1274.0,15.386
endurance_1150,1275.0,15.387
endurance_1150,1276.0,15.387
endurance_1150,1277.0,15.387
endurance_1150,1278.0,15.387
endurance_1150,1279.0,15.387
endurance_1150,1280.0,15.387
endurance_1150,1281.0,15.387
endurance_1150,1282.0,15.387
endurance_1150,1283.0,15.387
endurance_1150,1284.0,15.387
endurance_1150,1285.0,15.387
endurance_1150,1286.0,15.387
endurance_1150,1287.0,15.387
endurance_1150,1288.0,15.387
endurance_1150,1289.0,15.387
endurance_1150,1290.0,15.378
endurance_1150,1291.0,15.378
endurance_1150,1292.0,15.378
endurance_1150,1293.0,15.378
endurance_1150,1294.0,15.378
endurance_1150,1295.0,15.378
endurance_1150,1296.0,15.378
endurance_1150,1297.0,15.378
endurance_1150,1298.0,15.378
endurance_1150,1299.0,15.378
endurance_1150,1300.0,15.378
endurance_1150,1301.0,15.378
endurance_1150,1302.0,15.378
endurance_1150,1303.0,15.378
endurance_1150,1304.0,15.378
endurance_1150,1305.0,15.36
endurance_1150,1306.0,15.36
endurance_1150,1307.0,15.36
endurance_1150,1308.0,15.36
endurance_1150,1309.0,15.36
endurance_1150,1310.0,15.36
endurance_1150,1311.0,15.36
endurance_1150,1312.0,15.36
endurance_1150,1313.0,15.36
endurance_1150,1314.0,15.36
endurance_1150,1315.0,15.36
endurance_1150,1316.0,15.36
endurance_1150,1317.0,15.36
endurance_1150,1318.0,15.36
endurance_1150,1319.0,15.36
endurance_1150,1320.0,15.345
endurance_1150,1321.0,15.345
endurance_1150,1322.0,15.345
endurance_1150,1323.0,15.345
endurance_1150,1324.0,15.345
endurance_1150,1325.0,15.345
endurance_1150,1326.0,15.345
endurance_1150,1327.0,15.345
endurance_1150,1328.0,15.345
endurance_1150,1329.0,15.345
endurance_1150,1330.0,15.345
endurance_1150,1331.0,15.345
endurance_1150,1332.0,15.345
endurance_1150,1333.0,15.345
endurance_1150,1334.0,15.345
endurance_1150,1335.0,15.334
endurance_1150,1336.0,15.334
endurance_1150,1337.0,15.334
endurance_1150,1338.0,15.334
endurance_1150,1339.0,15.334
endurance_1150,1340.0,15.334
endurance_1150,1341.0,15.334
endurance_1150,1342.0,15.334
endurance_1150,1343.0,15.334
endurance_1150,1344.0,15.334
endurance_1150,1345.0,15.334
endurance_1150,1346.0,15.334
endurance_1150,1347.0,15.334
endurance_1150,1348.0,15.334
endurance_1150,1349.0,15.334
endurance_1150,1350.0,15.333
endurance_1150,1351.0,15.333
endurance_1150,1352.0,15.333
endurance_1150,1353.0,15.333
endurance_1150,1354.0,15.333
endurance_1150,1355.0,15.333
endurance_1150,1356.0,15.333
endurance_1150,1357.0,15.333
endurance_1150,1358.0,15.333
endurance_1150,1359.0,15.333
endurance_1150,1360.0,15.333
endurance_1150,1361.0,15.333
endurance_1150,1362.0,15.333
endurance_1150,1363.0,15.333
endurance_1150,1364.0,15.333
endurance_1150,1365.0,15.33
endurance_1150,1366.0,15.33
endurance_1150,1367.0,15.33
endurance_1150,1368.0,15.33
endurance_1150,1369.0,15.33
endurance_1150,1370.0,15.33
endurance_1150,1371.0,15.33
endurance_1150,1372.0,15.33
endurance_1150,1373.0,15.33
endurance_1150,1374.0,15.33
endurance_1150,1375.0,15.33
endurance_1150,1376.0,15.33
endurance_1150,1377.0,15.33
endurance_1150,1378.0,15.33
endurance_1150,1379.0,15.33
endurance_1150,1380.0,15.322
endurance_1150,1381.0,15.322
endurance_1150,1382.0,15.322
endurance_1150,1383.0,15.322
endurance_1150,1384.0,15.322
endurance_1150,1385.0,15.322
endurance_1150,1386.0,15.322
endurance_1150,1387.0,15.322
endurance_1150,1388.0,15.322
endurance_1150,1389.0,15.322
endurance_1150,1390.0,15.322
endurance_1150,1391.0,15.322
endurance_1150,1392.0,15.322
endurance_1150,1393.0,15.322
endurance_1150,1394.0,15.322
endurance_1150,1395.0,15.309
endurance_1150,1396.0,15.309
endurance_1150,1397.0,15.309
endurance_1150,1398.0,15.309
endurance_1150,1399.0,15.309
endurance_1150,1400.0,15.309
endurance_1150,1401.0,15.309
endurance_1150,1402.0,15.309
endurance_1150,1403.0,15.309
endurance_1150,1404.0,15.309
endurance_1150,1405.0,15.309
endurance_1150,1406.0,15.309
endurance_1150,1407.0,15.309
endurance_1150,1408.0,15.309
endurance_1150,1409.0,15.309
endurance_1150,1410.0,15.283
endurance_1150,1411.0,15.283
endurance_1150,1412.0,15.283
endurance_1150,1413.0,15.283
endurance_1150,1414.0,15.283
endurance_1150,1415.0,15.283
endurance_1150,1416.0,15.283
endurance_1150,1417.0,15.283
endurance_1150,1418.0,15.283
endurance_1150,1419.0,15.283
endurance_1150,1420.0,15.283
endurance_1150,1421.0,15.283
endurance_1150,1422.0,15.283
endurance_1150,1423.0,15.283
endurance_1150,1424.0,15.283
endurance_1150,1425.0,15.288
endurance_1150,1426.0,15.288
endurance_1150,1427.0,15.288
endurance_1150,1428.0,15.288
endurance_1150,1429.0,15.288
endurance_1150,1430.0,15.288
endurance_1150,1431.0,15.288
endurance_1150,1432.0,15.288
endurance_1150,1433.0,15.288
endurance_1150,1434.0,15.288
endurance_1150,1435.0,15.288
endurance_1150,1436.0,15.288
endurance_1150,1437.0,15.288
endurance_1150,1438.0,15.288
endurance_1150,1439.0,15.288
endurance_1150,1440.0,15.293
endurance_1150,1441.0,15.293
endurance_1150,1442.0,15.293
endurance_1150,1443.0,15.293
endurance_1150,1444.0,15.293
endurance_1150,1445.0,15.293
endurance_1150,1446.0,15.293
endurance_1150,1447.0,15.293
endurance_1150,1448.0,15.293
endurance_1150,1449.0,15.293
endurance_1150,1450.0,15.293
endurance_1150,1451.0,15.293
endurance_1150,1452.0,15.293
endurance_1150,1453.0,15.293
endurance_1150,1454.0,15.293
endurance_1150,1455.0,15.283
endurance_1150,1456.0,15.283
endurance_1150,1457.0,15.283
endurance_1150,1458.0,15.283
endurance_1150,1459.0,15.283
endurance_1150,1460.0,15.283
endurance_1150,1461.0,15.283
endurance_1150,1462.0,15.283
endurance_1150,1463.0,15.283
endurance_1150,1464.0,15.283
endurance_1150,1465.0,15.283
endurance_1150,1466.0,15.283
endurance_1150,1467.0,15.283
endurance_1150,1468.0,15.283
endurance_1150,1469.0,15.283
endurance_1150,1470.0,15.27
endurance_1150,1471.0,15.27
endurance_1150,1472.0,15.27
endurance_1150,1473.0,15.27
endurance_1150,1474.0,15.27
endurance_1150,1475.0,15.27
endurance_1150,1476.0,15.27
endurance_1150,1477.0,15.27
endurance_1150,1478.0,15.27
endurance_1150,1479.0,15.27
endurance_1150,1480.0,15.27
endurance_1150,1481.0,15.27
endurance_1150,1482.0,15.27
endurance_1150,1483.0,15.27
endurance_1150,1484.0,15.27
endurance_1150,1485.0,15.23
endurance_1150,1486.0,15.23
endurance_1150,1487.0,15.23
endurance_1150,1488.0,15.23
endurance_1150,1489.0,15.23
endurance_1150,1490.0,15.23
endurance_1150,1491.0,15.23
endurance_1150,1492.0,15.23
endurance_1150,1493.0,15.23
endurance_1150,1494.0,15.23
endurance_1150,1495.0,15.23
endurance_1150,1496.0,15.23
endurance_1150,1497.0,15.23
endurance_1150,1498.0,15.23
endurance_1150,1499.0,15.23
endurance_1150,1500.0,15.23
endurance_1150,1501.0,15.23
endurance_1150,1502.0,15.23
endurance_1150,1503.0,15.23
endurance_1150,1504.0,15.23
endurance_1150,1505.0,15.23
endurance_1150,1506.0,15.23
endurance_1150,1507.0,15.23
endurance_1150,1508.0,15.23
endurance_1150,1509.0,15.23
endurance_1150,1510.0,15.23
endurance_1150,1511.0,15.23
endurance_1150,1512.0,15.23
endurance_1150,1513.0,15.23
endurance_1150,1514.0,15.23
endurance_1150,1515.0,15.238
endurance_1150,1516.0,15.238
endurance_1150,1517.0,15.238
endurance_1150,1518.0,15.238
endurance_1150,1519.0,15.238
endurance_1150,1520.0,15.238
endurance_1150,1521.0,15.238
endurance_1150,1522.0,15.238
endurance_1150,1523.0,15.238
endurance_1150,1524.0,15.238
endurance_1150,1525.0,15.238
endurance_1150,1526.0,15.238
endurance_1150,1527.0,15.238
endurance_1150,1528.0,15.238
endurance_1150,1529.0,15.238
endurance_1150,1530.0,15.224
endurance_1150,1531.0,15.224
endurance_1150,1532.0,15.224
endurance_1150,1533.0,15.224
endurance_1150,1534.0,15.224
endurance_1150,1535.0,15.224
endurance_1150,1536.0,15.224
endurance_1150,1537.0,15.224
endurance_1150,1538.0,15.224
endurance_1150,1539.0,15.224
endurance_1150,1540.0,15.224
endurance_1150,1541.0,15.224
endurance_1150,1542.0,15.224
endurance_1150,1543.0,15.224
endurance_1150,1544.0,15.224
endurance_1150,1545.0,15.221
endurance_1150,1546.0,15.221
endurance_1150,1547.0,15.221
endurance_1150,1548.0,15.221
endurance_1150,1549.0,15.221
endurance_1150,1550.0,15.221
endurance_1150,1551.0,15.221
endurance_1150,1552.0,15.221
endurance_1150,1553.0,15.221
endurance_1150,1554.0,15.221
endurance_1150,1555.0,15.221
endurance_1150,1556.0,15.221
endurance_1150,1557.0,15.221
endurance_1150,1558.0,15.221
endurance_1150,1559.0,15.221
endurance_1150,1559.1,15.196
endurance_1150,1560.0,15.196
endurance_1150,1561.0,15.196
endurance_1150,1562.0,15.196
endurance_1150,1563.0,15.196
endurance_1150,1564.0,15.196
endurance_1150,1565.0,15.196
endurance_1150,1566.0,15.196
endurance_1150,1567.0,15.196
endurance_1150,1568.0,15.196
endurance_1150,1569.0,15.196
endurance_1150,1570.0,15.196
endurance_1150,1571.0,15.196
endurance_1150,1572.0,15.196
endurance_1150,1573.0,15.196
endurance_1150,1574.0,15.196
endurance_1150,1575.0,15.202
endurance_1150,1576.0,15.202
endurance_1150,1577.0,15.202
endurance_1150,1578.0,15.202
endurance_1150,1579.0,15.202
endurance_1150,1580.0,15.202
endurance_1150,1581.0,15.202
endurance_1150,1582.0,15.202
endurance_1150,1583.0,15.202
endurance_1150,1584.0,15.202
endurance_1150,1585.0,15.202
endurance_1150,1586.0,15.202
endurance_1150,1587.0,15.202
endurance_1150,1588.0,15.202
endurance_1150,1589.0,15.202
endurance_1150,1590.0,15.2
endurance_1150,1591.0,15.2
endurance_1150,1592.0,15.2
endurance_1150,1593.0,15.2
endurance_1150,1594.0,15.2
endurance_1150,1595.0,15.2
endurance_1150,1596.0,15.2
endurance_1150,1597.0,15.2
endurance_1150,1598.0,15.2
endurance_1150,1599.0,15.2
endurance_1150,1600.0,15.2
endurance_1150,1601.0,15.2
endurance_1150,1602.0,15.2
endurance_1150,1603.0,15.2
endurance_1150,1604.0,15.2
endurance_1150,1605.0,15.172
endurance_1150,1606.0,15.172
endurance_1150,1607.0,15.172
endurance_1150,1608.0,15.172
endurance_1150,1609.0,15.172
endurance_1150,1610.0,15.172
endurance_1150,1611.0,15.172
endurance_1150,1612.0,15.172
endurance_1150,1613.0,15.172
endurance_1150,1614.0,15.172
endurance_1150,1615.0,15.172
endurance_1150,1616.0,15.172
endurance_1150,1617.0,15.172
endurance_1150,1618.0,15.172
endurance_1150,1619.0,15.172
endurance_1150,1619.1,15.188
endurance_1150,1620.0,15.188
endurance_1150,1621.0,15.188
endurance_1150,1622.0,15.188
endurance_1150,1623.0,15.188
endurance_1150,1624.0,15.188
endurance_1150,1625.0,15.188
endurance_1150,1626.0,15.188
endurance_1150,1627.0,15.188
endurance_1150,1628.0,15.188
endurance_1150,1629.0,15.188
endurance_1150,1630.0,15.188
endurance_1150,1631.0,15.188
endurance_1150,1632.0,15.188
endurance_1150,1633.0,15.188
endurance_1150,1634.0,15.188
endurance_1150,1635.0,15.168
endurance_1150,1636.0,15.168
endurance_1150,1637.0,15.168
endurance_1150,1638.0,15.168
endurance_1150,1639.0,15.168
endurance_1150,1640.0,15.168
endurance_1150,1641.0,15.168
endurance_1150,1642.0,15.168
endurance_1150,1643.0,15.168
endurance_1150,1644.0,15.168
endurance_1150,1645.0,15.168
endurance_1150,1646.0,15.168
endurance_1150,1647.0,15.168
endurance_1150,1648.0,15.168
endurance_1150,1649.0,15.168
endurance_1150,1650.0,15.176
endurance_1150,1651.0,15.176
endurance_1150,1652.0,15.176
endurance_1150,1653.0,15.176
endurance_1150,1654.0,15.176
endurance_1150,1655.0,15.176
endurance_1150,1656.0,15.176
endurance_1150,1657.0,15.176
endurance_1150,1658.0,15.176
endurance_1150,1659.0,15.176
endurance_1150,1660.0,15.176
endurance_1150,1661.0,15.176
endurance_1150,1662.0,15.176
endurance_1150,1663.0,15.176
endurance_1150,1664.0,15.176
endurance_1150,1665.0,15.17
endurance_1150,1666.0,15.17
endurance_1150,1667.0,15.17
endurance_1150,1668.0,15.17
endurance_1150,1669.0,15.17
endurance_1150,1670.0,15.17
endurance_1150,1671.0,15.17
endurance_1150,1672.0,15.17
endurance_1150,1673.0,15.17
endurance_1150,1674.0,15.17
endurance_1150,1675.0,15.17
endurance_1150,1676.0,15.17
endurance_1150,1677.0,15.17
endurance_1150,1678.0,15.17
endurance_1150,1679.0,15.17
endurance_1150,1679.1,15.159
endurance_1150,1680.0,15.159
endurance_1150,1681.0,15.159
endurance_1150,1682.0,15.159
endurance_1150,1683.0,15.159
endurance_1150,1684.0,15.159
endurance_1150,1685.0,15.159
endurance_1150,1686.0,15.159
endurance_1150,1687.0,15.159
endurance_1150,1688.0,15.159
endurance_1150,1689.0,15.159
endurance_1150,1690.0,15.159
endurance_1150,1691.0,15.159
endurance_1150,1692.0,15.159
endurance_1150,1693.0,15.159
endurance_1150,1694.0,15.159
endurance_1150,1695.0,15.159
endurance_1150,1696.0,15.159
endurance_1150,1697.0,15.159
endurance_1150,1698.0,15.159
endurance_1150,1699.0,15.159
endurance_1150,1700.0,15.159
endurance_1150,1701.0,15.159
endurance_1150,1702.0,15.159
endurance_1150,1703.0,15.159
endurance_1150,1704.0,15.159
endurance_1150,1705.0,15.159
endurance_1150,1706.0,15.159
endurance_1150,1707.0,15.159
endurance_1150,1708.0,15.159
endurance_1150,1709.0,15.159
endurance_1150,1710.0,15.145
endurance_1150,1711.0,15.145
endurance_1150,1712.0,15.145
endurance_1150,1713.0,15.145
endurance_1150,1714.0,15.145
endurance_1150,1715.0,15.145
endurance_1150,1716.0,15.145
endurance_1150,1717.0,15.145
endurance_1150,1718.0,15.145
endurance_1150,1719.0,15.145
endurance_1150,1720.0,15.145
endurance_1150,1721.0,15.145
endurance_1150,1722.0,15.145
endurance_1150,1723.0,15.145
endurance_1150,1724.0,15.145
endurance_1150,1725.0,15.135
endurance_1150,1726.0,15.135
endurance_1150,1727.0,15.135
endurance_1150,1728.0,15.135
endurance_1150,1729.0,15.135
endurance_1150,1730.0,15.135
endurance_1150,1731.0,15.135
endurance_1150,1732.0,15.135
endurance_1150,1733.0,15.135
endurance_1150,1734.0,15.135
endurance_1150,1735.0,15.135
endurance_1150,1736.0,15.135
endurance_1150,1737.0,15.135
endurance_1150,1738.0,15.135
endurance_1150,1739.0,15.135
endurance_1150,1739.1,15.13
endurance_1150,1740.0,15.13
endurance_1150,1741.0,15.13
endurance_1150,1742.0,15.13
endurance_1150,1743.0,15.13
endurance_1150,1744.0,15.13
endurance_1150,1745.0,15.13
endurance_1150,1746.0,15.13
endurance_1150,1747.0,15.13
endurance_1150,1748.0,15.13
endurance_1150,1749.0,15.13
endurance_1150,1750.0,15.13
endurance_1150,1751.0,15.13
endurance_1150,1752.0,15.13
endurance_1150,1753.0,15.13
endurance_1150,1754.0,15.13
endurance_1150,1755.0,15.123
endurance_1150,1756.0,15.123
endurance_1150,1757.0,15.123
endurance_1150,1758.0,15.123
endurance_1150,1759.0,15.123
endurance_1150,1760.0,15.123
endurance_1150,1761.0,15.123
endurance_1150,1762.0,15.123
endurance_1150,1763.0,15.123
endurance_1150,1764.0,15.123
endurance_1150,1765.0,15.123
endurance_1150,1766.0,15.123
endurance_1150,1767.0,15.123
endurance_1150,1768.0,15.123
endurance_1150,1769.0,15.123
endurance_1150,1770.0,15.123
endurance_1150,1771.0,15.123
endurance_1150,1772.0,15.123
endurance_1150,1773.0,15.123
endurance_1150,1774.0,15.123
endurance_1150,1775.0,15.123
endurance_1150,1776.0,15.123
endurance_1150,1777.0,15.123
endurance_1150,1778.0,15.123
endurance_1150,1779.0,15.123
endurance_1150,1780.0,15.123
endurance_1150,1781.0,15.123
endurance_1150,1782.0,15.123
endurance_1150,1783.0,15.123
endurance_1150,1784.0,15.123
endurance_1150,1785.0,15.11
endurance_1150,1786.0,15.11
endurance_1150,1787.0,15.11
endurance_1150,1788.0,15.11
endurance_1150,1789.0,15.11
endurance_1150,1790.0,15.11
endurance_1150,1791.0,15.11
endurance_1150,1792.0,15.11
endurance_1150,1793.0,15.11
endurance_1150,1794.0,15.11
endurance_1150,1795.0,15.11
endurance_1150,1796.0,15.11
endurance_1150,1797.0,15.11
endurance_1150,1798.0,15.11
endurance_1150,1799.0,15.11
endurance_1150,1799.1,15.105
endurance_1150,1800.0,15.105
endurance_1150,1801.0,15.105
endurance_1150,1802.0,15.105
endurance_1150,1803.0,15.105
endurance_1150,1804.0,15.105
endurance_1150,1805.0,15.105
endurance_1150,1806.0,15.105
endurance_1150,1807.0,15.105
endurance_1150,1808.0,15.105
endurance_1150,1809.0,15.105
endurance_1150,1810.0,15.105
endurance_1150,1811.0,15.105
endurance_1150,1812.0,15.105
endurance_1150,1813.0,15.105
endurance_1150,1814.0,15.105
endurance_1150,1815.0,15.104
endurance_1150,1816.0,15.104
endurance_1150,1817.0,15.104
endurance_1150,1818.0,15.104
endurance_1150,1819.0,15.104
endurance_1150,1820.0,15.104
endurance_1150,1821.0,15.104
endurance_1150,1822.0,15.104
endurance_1150,1823.0,15.104
endurance_1150,1824.0,15.104
endurance_1150,1825.0,15.104
endurance_1150,1826.0,15.104
endurance_1150,1827.0,15.104
endurance_1150,1828.0,15.104
endurance_1150,1829.0,15.104
endurance_1150,1830.0,15.09
endurance_1150,1831.0,15.09
endurance_1150,1832.0,15.09
endurance_1150,1833.0,15.09
endurance_1150,1834.0,15.09
endurance_1150,1835.0,15.09
endurance_1150,1836.0,15.09
endurance_1150,1837.0,15.09
endurance_1150,1838.0,15.09
endurance_1150,1839.0,15.09
endurance_1150,1840.0,15.09
endurance_1150,1841.0,15.09
endurance_1150,1842.0,15.09
endurance_1150,1843.0,15.09
endurance_1150,1844.0,15.09
endurance_1150,1845.0,15.089
endurance_1150,1846.0,15.089
endurance_1150,1847.0,15.089
endurance_1150,1848.0,15.089
endurance_1150,1849.0,15.089
endurance_1150,1850.0,15.089
endurance_1150,1851.0,15.089
endurance_1150,1852.0,15.089
endurance_1150,1853.0,15.089
endurance_1150,1854.0,15.089
endurance_1150,1855.0,15.089
endurance_1150,1856.0,15.089
endurance_1150,1857.0,15.089
endurance_1150,1858.0,15.089
endurance_1150,1859.0,15.089
endurance_1150,1859.1,15.087
endurance_1150,1860.0,15.087
endurance_1150,1861.0,15.087
endurance_1150,1862.0,15.087
endurance_1150,1863.0,15.087
endurance_1150,1864.0,15.087
endurance_1150,1865.0,15.087
endurance_1150,1866.0,15.087
endurance_1150,1867.0,15.087
endurance_1150,1868.0,15.087
endurance_1150,1869.0,15.087
endurance_1150,1870.0,15.087
endurance_1150,1871.0,15.087
endurance_1150,1872.0,15.087
endurance_1150,1873.0,15.087
endurance_1150,1874.0,15.087
endurance_1150,1875.0,15.083
endurance_1150,1876.0,15.083
endurance_1150,1877.0,15.083
endurance_1150,1878.0,15.083
endurance_1150,1879.0,15.083
endurance_1150,1880.0,15.083
endurance_1150,1881.0,15.083
endurance_1150,1882.0,15.083
endurance_1150,1883.0,15.083
endurance_1150,1884.0,15.083
endurance_1150,1885.0,15.083
endurance_1150,1886.0,15.083
endurance_1150,1887.0,15.083
endurance_1150,1888.0,15.083
endurance_1150,1889.0,15.083
endurance_1150,1890.0,15.072
endurance_1150,1891.0,15.072
endurance_1150,1892.0,15.072
endurance_1150,1893.0,15.072
endurance_1150,1894.0,15.072
endurance_1150,1895.0,15.072
endurance_1150,1896.0,15.072
endurance_1150,1897.0,15.072
endurance_1150,1898.0,15.072
endurance_1150,1899.0,15.072
endurance_1150,1900.0,15.072
endurance_1150,1901.0,15.072
endurance_1150,1902.0,15.072
endurance_1150,1903.0,15.072
endurance_1150,1904.0,15.072
endurance_1150,1905.0,15.048
endurance_1150,1906.0,15.048
endurance_1150,1907.0,15.048
endurance_1150,1908.0,15.048
endurance_1150,1909.0,15.048
endurance_1150,1910.0,15.048
endurance_1150,1911.0,15.048
endurance_1150,1912.0,15.048
endurance_1150,1913.0,15.048
endurance_1150,1914.0,15.048
endurance_1150,1915.0,15.048
endurance_1150,1916.0,15.048
endurance_1150,1917.0,15.048
endurance_1150,1918.0,15.048
endurance_1150,1919.0,15.048
endurance_1150,1919.1,15.058
endurance_1150,1920.0,15.058
endurance_1150,1921.0,15.058
endurance_1150,1922.0,15.058
endurance_1150,1923.0,15.058
endurance_1150,1924.0,15.058
endurance_1150,1925.0,15.058
endurance_1150,1926.0,15.058
endurance_1150,1927.0,15.058
endurance_1150,1928.0,15.058
endurance_1150,1929.0,15.058
endurance_1150,1930.0,15.058
endurance_1150,1931.0,15.058
endurance_1150,1932.0,15.058
endurance_1150,1933.0,15.058
endurance_1150,1934.0,15.058
endurance_1150,1935.0,15.044
endurance_1150,1936.0,15.044
endurance_1150,1937.0,15.044
endurance_1150,1938.0,15.044
endurance_1150,1939.0,15.044
endurance_1150,1940.0,15.044
endurance_1150,1941.0,15.044
endurance_1150,1942.0,15.044
endurance_1150,1943.0,15.044
endurance_1150,1944.0,15.044
endurance_1150,1945.0,15.044
endurance_1150,1946.0,15.044
endurance_1150,1947.0,15.044
endurance_1150,1948.0,15.044
endurance_1150,1949.0,15.044
endurance_1150,1950.0,15.044
endurance_1150,1951.0,15.044
endurance_1150,1952.0,15.044
endurance_1150,1953.0,15.044
endurance_1150,1954.0,15.044
endurance_1150,1955.0,15.044
endurance_1150,1956.0,15.044
endurance_1150,1957.0,15.044
endurance_1150,1958.0,15.044
endurance_1150,1959.0,15.044
endurance_1150,1960.0,15.044
endurance_1150,1961.0,15.044
endurance_1150,1962.0,15.044
endurance_1150,1963.0,15.044
endurance_1150,1964.0,15.044
endurance_1150,1965.0,15.04
endurance_1150,1966.0,15.04
endurance_1150,1967.0,15.04
endurance_1150,1968.0,15.04
endurance_1150,1969.0,15.04
endurance_1150,1970.0,15.04
endurance_1150,1971.0,15.04
endurance_1150,1972.0,15.04
endurance_1150,1973.0,15.04
endurance_1150,1974.0,15.04
endurance_1150,1975.0,15.04
endurance_1150,1976.0,15.04
endurance_1150,1977.0,15.04
endurance_1150,1978.0,15.04
endurance_1150,1979.0,15.04
endurance_1150,1979.1,15.032
endurance_1150,1980.0,15.032
endurance_1150,1981.0,15.032
endurance_1150,1982.0,15.032
endurance_1150,1983.0,15.032
endurance_1150,1984.0,15.032
endurance_1150,1985.0,15.032
endurance_1150,1986.0,15.032
endurance_1150,1987.0,15.032
endurance_1150,1988.0,15.032
endurance_1150,1989.0,15.032
endurance_1150,1990.0,15.032
endurance_1150,1991.0,15.032
endurance_1150,1992.0,15.032
endurance_1150,1993.0,15.032
endurance_1150,1994.0,15.032
endurance_1150,1995.0,15.032
endurance_1150,1996.0,15.032
endurance_1150,1997.0,15.032
endurance_1150,1998.0,15.032
endurance_1150,1999.0,15.032
endurance_1150,2000.0,15.032
endurance_1150,2001.0,15.032
endurance_1150,2002.0,15.032
endurance_1150,2003.0,15.032
endurance_1150,2004.0,15.032
endurance_1150,2005.0,15.032
endurance_1150,2006.0,15.032
endurance_1150,2007.0,15.032
endurance_1150,2008.0,15.032
endurance_1150,2009.0,15.032
endurance_1150,2010.0,15.023
endurance_1150,2011.0,15.023
endurance_1150,2012.0,15.023
endurance_1150,2013.0,15.023
endurance_1150,2014.0,15.023
endurance_1150,2015.0,15.023
endurance_1150,2016.0,15.023
endurance_1150,2017.0,15.023
endurance_1150,2018.0,15.023
endurance_1150,2019.0,15.023
endurance_1150,2020.0,15.023
endurance_1150,2021.0,15.023
endurance_1150,2022.0,15.023
endurance_1150,2023.0,15.023
endurance_1150,2024.0,15.023
endurance_1150,2025.0,15.012
endurance_1150,2026.0,15.012
endurance_1150,2027.0,15.012
endurance_1150,2028.0,15.012
endurance_1150,2029.0,15.012
endurance_1150,2030.0,15.012
endurance_1150,2031.0,15.012
endurance_1150,2032.0,15.012
endurance_1150,2033.0,15.012
endurance_1150,2034.0,15.012
endurance_1150,2035.0,15.012
endurance_1150,2036.0,15.012
endurance_1150,2037.0,15.012
endurance_1150,2038.0,15.012
endurance_1150,2039.0,15.012
endurance_1150,2039.1,15.005
endurance_1150,2040.0,15.005
endurance_1150,2041.0,15.005
endurance_1150,2042.0,15.005
endurance_1150,2043.0,15.005
endurance_1150,2044.0,15.005
endurance_1150,2045.0,15.005
endurance_1150,2046.0,15.005
endurance_1150,2047.0,15.005
endurance_1150,2048.0,15.005
endurance_1150,2049.0,15.005
endurance_1150,2050.0,15.005
endurance_1150,2051.0,15.005
endurance_1150,2052.0,15.005
endurance_1150,2053.0,15.005
endurance_1150,2054.0,15.005
endurance_1150,2055.0,14.979
endurance_1150,2056.0,14.979
endurance_1150,2057.0,14.979
endurance_1150,2058.0,14.979
endurance_1150,2059.0,14.979
endurance_1150,2060.0,14.979
endurance_1150,2061.0,14.979
endurance_1150,2062.0,14.979
endurance_1150,2063.0,14.979
endurance_1150,2064.0,14.979
endurance_1150,2065.0,14.979
endurance_1150,2066.0,14.979
endurance_1150,2067.0,14.979
endurance_1150,2068.0,14.979
endurance_1150,2069.0,14.979
endurance_1150,2070.0,14.983
endurance_1150,2071.0,14.983
endurance_1150,2072.0,14.983
endurance_1150,2073.0,14.983
endurance_1150,2074.0,14.983
endurance_1150,2075.0,14.983
endurance_1150,2076.0,14.983
endurance_1150,2077.0,14.983
endurance_1150,2078.0,14.983
endurance_1150,2079.0,14.983
endurance_1150,2080.0,14.983
endurance_1150,2081.0,14.983
endurance_1150,2082.0,14.983
endurance_1150,2083.0,14.983
endurance_1150,2084.0,14.983
endurance_1150,2085.0,14.974
endurance_1150,2086.0,14.974
endurance_1150,2087.0,14.974
endurance_1150,2088.0,14.974
endurance_1150,2089.0,14.974
endurance_1150,2090.0,14.974
endurance_1150,2091.0,14.974
endurance_1150,2092.0,14.974
endurance_1150,2093.0,14.974
endurance_1150,2094.0,14.974
endurance_1150,2095.0,14.974
endurance_1150,2096.0,14.974
endurance_1150,2097.0,14.974
endurance_1150,2098.0,14.974
endurance_1150,2099.0,14.974
endurance_1150,2099.1,14.97
endurance_1150,2100.0,14.97
endurance_1150,2101.0,14.97
endurance_1150,2102.0,14.97
endurance_1150,2103.0,14.97
endurance_1150,2104.0,14.97
endurance_1150,2105.0,14.97
endurance_1150,2106.0,14.97
endurance_1150,2107.0,14.97
endurance_1150,2108.0,14.97
endurance_1150,2109.0,14.97
endurance_1150,2110.0,14.97
endurance_1150,2111.0,14.97
endurance_1150,2112.0,14.97
endurance_1150,2113.0,14.97
endurance_1150,2114.0,14.97
endurance_1150,2115.0,14.956
endurance_1150,2116.0,14.956
endurance_1150,2117.0,14.956
endurance_1150,2118.0,14.956
endurance_1150,2119.0,14.956
endurance_1150,2120.0,14.956
endurance_1150,2121.0,14.956
endurance_1150,2122.0,14.956
endurance_1150,2123.0,14.956
endurance_1150,2124.0,14.956
endurance_1150,2125.0,14.956
endurance_1150,2126.0,14.956
endurance_1150,2127.0,14.956
endurance_1150,2128.0,14.956
endurance_1150,2129.0,14.956
endurance_1150,2130.0,14.946
endurance_1150,2131.0,14.946
endurance_1150,2132.0,14.946
endurance_1150,2133.0,14.946
endurance_1150,2134.0,14.946
endurance_1150,2135.0,14.946
endurance_1150,2136.0,14.946
endurance_1150,2137.0,14.946
endurance_1150,2138.0,14.946
endurance_1150,2139.0,14.946
endurance_1150,2140.0,14.946
endurance_1150,2141.0,14.946
endurance_1150,2142.0,14.946
endurance_1150,2143.0,14.946
endurance_1150,2144.0,14.946
endurance_1150,2145.0,14.945
endurance_1150,2146.0,14.945
endurance_1150,2147.0,14.945
endurance_1150,2148.0,14.945
endurance_1150,2149.0,14.945
endurance_1150,2150.0,14.945
endurance_1150,2151.0,14.945
endurance_1150,2152.0,14.945
endurance_1150,2153.0,14.945
endurance_1150,2154.0,14.945
endurance_1150,2155.0,14.945
endurance_1150,2156.0,14.945
endurance_1150,2157.0,14.945
endurance_1150,2158.0,14.945
endurance_1150,2159.0,14.945
endurance_1150,2159.1,14.947
endurance_1150,2160.0,14.947
endurance_1150,2161.0,14.947
endurance_1150,2162.0,14.947
endurance_1150,2163.0,14.947
endurance_1150,2164.0,14.947
endurance_1150,2165.0,14.947
endurance_1150,2166.0,14.947
endurance_1150,2167.0,14.947
endurance_1150,2168.0,14.947
endurance_1150,2169.0,14.947
endurance_1150,2170.0,14.947
endurance_1150,2171.0,14.947
endurance_1150,2172.0,14.947
endurance_1150,2173.0,14.947
endurance_1150,2174.0,14.947
endurance_1150,2175.0,14.945
endurance_1150,2176.0,14.945
endurance_1150,2177.0,14.945
endurance_1150,2178.0,14.945
endurance_1150,2179.0,14.945
endurance_1150,2180.0,14.945
endurance_1150,2181.0,14.945
endurance_1150,2182.0,14.945
endurance_1150,2183.0,14.945
endurance_1150,2184.0,14.945
endurance_1150,2185.0,14.945
endurance_1150,2186.0,14.945
endurance_1150,2187.0,14.945
endurance_1150,2188.0,14.945
endurance_1150,2189.0,14.945
endurance_1150,2190.0,14.935
endurance_1150,2191.0,14.935
endurance_1150,2192.0,14.935
endurance_1150,2193.0,14.935
endurance_1150,2194.0,14.935
endurance_1150,2195.0,14.935
endurance_1150,2196.0,14.935
endurance_1150,2197.0,14.935
endurance_1150,2198.0,14.935
endurance_1150,2199.0,14.935
endurance_1150,2200.0,14.935
endurance_1150,2201.0,14.935
endurance_1150,2202.0,14.935
endurance_1150,2203.0,14.935
endurance_1150,2204.0,14.935
endurance_1150,2205.0,14.912
endurance_1150,2206.0,14.912
endurance_1150,2207.0,14.912
endurance_1150,2208.0,14.912
endurance_1150,2209.0,14.912
endurance_1150,2210.0,14.912
endurance_1150,2211.0,14.912
endurance_1150,2212.0,14.912
endurance_1150,2213.0,14.912
endurance_1150,2214.0,14.912
endurance_1150,2215.0,14.912
endurance_1150,2216.0,14.912
endurance_1150,2217.0,14.912
endurance_1150,2218.0,14.912
endurance_1150,2219.0,14.912
endurance_1150,2219.1,14.911
endurance_1150,2220.0,14.911
endurance_1150,2221.0,14.911
endurance_1150,2222.0,14.911
endurance_1150,2223.0,14.911
endurance_1150,2224.0,14.911
endurance_1150,2225.0,14.911
endurance_1150,2226.0,14.911
endurance_1150,2227.0,14.911
endurance_1150,2228.0,14.911
endurance_1150,2229.0,14.911
endurance_1150,2230.0,14.911
endurance_1150,2231.0,14.911
endurance_1150,2232.0,14.911
endurance_1150,2233.0,14.911
endurance_1150,2234.0,14.911
endurance_1150,2235.0,14.909
endurance_1150,2236.0,14.909
endurance_1150,2237.0,14.909
endurance_1150,2238.0,14.909
endurance_1150,2239.0,14.909
endurance_1150,2240.0,14.909
endurance_1150,2241.0,14.909
endurance_1150,2242.0,14.909
endurance_1150,2243.0,14.909
endurance_1150,2244.0,14.909
endurance_1150,2245.0,14.909
endurance_1150,2246.0,14.909
endurance_1150,2247.0,14.909
endurance_1150,2248.0,14.909
endurance_1150,2249.0,14.909
endurance_1150,2250.0,14.898
endurance_1150,2251.0,14.898
endurance_1150,2252.0,14.898
endurance_1150,2253.0,14.898
endurance_1150,2254.0,14.898
endurance_1150,2255.0,14.898
endurance_1150,2256.0,14.898
endurance_1150,2257.0,14.898
endurance_1150,2258.0,14.898
endurance_1150,2259.0,14.898
endurance_1150,2260.0,14.898
endurance_1150,2261.0,14.898
endurance_1150,2262.0,14.898
endurance_1150,2263.0,14.898
endurance_1150,2264.0,14.898
endurance_1150,2265.0,14.898
endurance_1150,2266.0,14.898
endurance_1150,2267.0,14.898
endurance_1150,2268.0,14.898
endurance_1150,2269.0,14.898
endurance_1150,2270.0,14.898
endurance_1150,2271.0,14.898
endurance_1150,2272.0,14.898
endurance_1150,2273.0,14.898
endurance_1150,2274.0,14.898
endurance_1150,2275.0,14.898
endurance_1150,2276.0,14.898
endurance_1150,2277.0,14.898
endurance_1150,2278.0,14.898
endurance_1150,2279.0,14.898
endurance_1150,2279.1,14.886
endurance_1150,2280.0,14.886
endurance_1150,2281.0,14.886
endurance_1150,2282.0,14.886
endurance_1150,2283.0,14.886
endurance_1150,2284.0,14.886
endurance_1150,2285.0,14.886
endurance_1150,2286.0,14.886
endurance_1150,2287.0,14.886
endurance_1150,2288.0,14.886
endurance_1150,2289.0,14.886
endurance_1150,2290.0,14.886
endurance_1150,2291.0,14.886
endurance_1150,2292.0,14.886
endurance_1150,2293.0,14.886
endurance_1150,2294.0,14.886
endurance_1150,2295.0,14.875
endurance_1150,2296.0,14.875
endurance_1150,2297.0,14.875
endurance_1150,2298.0,14.875
endurance_1150,2299.0,14.875
endurance_1150,2300.0,14.875
endurance_1150,2301.0,14.875
endurance_1150,2302.0,14.875
endurance_1150,2303.0,14.875
endurance_1150,2304.0,14.875
endurance_1150,2305.0,14.875
endurance_1150,2306.0,14.875
endurance_1150,2307.0,14.875
endurance_1150,2308.0,14.875
endurance_1150,2309.0,14.875
endurance_1150,2310.0,14.858
endurance_1150,2311.0,14.858
endurance_1150,2312.0,14.858
endurance_1150,2313.0,14.858
endurance_1150,2314.0,14.858
endurance_1150,2315.0,14.858
endurance_1150,2316.0,14.858
endurance_1150,2317.0,14.858
endurance_1150,2318.0,14.858
endurance_1150,2319.0,14.858
endurance_1150,2320.0,14.858
endurance_1150,2321.0,14.858
endurance_1150,2322.0,14.858
endurance_1150,2323.0,14.858
endurance_1150,2324.0,14.858
endurance_1150,2325.0,14.847
endurance_1150,2326.0,14.847
endurance_1150,2327.0,14.847
endurance_1150,2328.0,14.847
endurance_1150,2329.0,14.847
endurance_1150,2330.0,14.847
endurance_1150,2331.0,14.847
endurance_1150,2332.0,14.847
endurance_1150,2333.0,14.847
endurance_1150,2334.0,14.847
endurance_1150,2335.0,14.847
endurance_1150,2336.0,14.847
endurance_1150,2337.0,14.847
endurance_1150,2338.0,14.847
endurance_1150,2339.0,14.847
endurance_1150,2339.1,14.838
endurance_1150,2340.0,14.838
endurance_1150,2341.0,14.838
endurance_1150,2342.0,14.838
endurance_1150,2343.0,14.838
endurance_1150,2344.0,14.838
endurance_1150,2345.0,14.838
endurance_1150,2346.0,14.838
endurance_1150,2347.0,14.838
endurance_1150,2348.0,14.838
endurance_1150,2349.0,14.838
endurance_1150,2350.0,14.838
endurance_1150,2351.0,14.838
endurance_1150,2352.0,14.838
endurance_1150,2353.0,14.838
endurance_1150,2354.0,14.838
endurance_1150,2355.0,14.825
endurance_1150,2356.0,14.825
endurance_1150,2357.0,14.825
endurance_1150,2358.0,14.825
endurance_1150,2359.0,14.825
endurance_1150,2360.0,14.825
endurance_1150,2361.0,14.825
endurance_1150,2362.0,14.825
endurance_1150,2363.0,14.825
endurance_1150,2364.0,14.825
endurance_1150,2365.0,14.825
endurance_1150,2366.0,14.825
endurance_1150,2367.0,14.825
endurance_1150,2368.0,14.825
endurance_1150,2369.0,14.825
endurance_1150,2370.0,14.828
endurance_1150,2371.0,14.828
endurance_1150,2372.0,14.828
endurance_1150,2373.0,14.828
endurance_1150,2374.0,14.828
endurance_1150,2375.0,14.828
endurance_1150,2376.0,14.828
endurance_1150,2377.0,14.828
endurance_1150,2378.0,14.828
endurance_1150,2379.0,14.828
endurance_1150,2380.0,14.828
endurance_1150,2381.0,14.828
endurance_1150,2382.0,14.828
endurance_1150,2383.0,14.828
endurance_1150,2384.0,14.828
endurance_1150,2385.0,14.824
endurance_1150,2386.0,14.824
endurance_1150,2387.0,14.824
endurance_1150,2388.0,14.824
endurance_1150,2389.0,14.824
endurance_1150,2390.0,14.824
endurance_1150,2391.0,14.824
endurance_1150,2392.0,14.824
endurance_1150,2393.0,14.824
endurance_1150,2394.0,14.824
