run,v_cmd_mps,axle_rad_s,order,pitch_amp_dps
adapter,0.2,13.6,0.1,0.141
adapter,0.2,13.6,0.2,0.0757
adapter,0.2,13.6,0.3,0.1405
adapter,0.2,13.6,0.4,0.23
adapter,0.2,13.6,0.5,0.1185
adapter,0.2,13.6,0.6,0.1806
adapter,0.2,13.6,0.7,0.1321
adapter,0.2,13.6,0.8,0.154
adapter,0.2,13.6,0.9,0.2939
adapter,0.2,13.6,1.0,0.312
adapter,0.2,13.6,1.1,0.1701
adapter,0.2,13.6,1.2,0.1526
adapter,0.2,13.6,1.3,0.2222
adapter,0.2,13.6,1.4,0.1952
adapter,0.2,13.6,1.5,0.1399
adapter,0.2,13.6,1.6,0.2814
adapter,0.2,13.6,1.7,0.1811
adapter,0.2,13.6,1.8,0.1968
adapter,0.2,13.6,1.9,0.6211
adapter,0.2,13.6,2.0,0.5507
adapter,0.2,13.6,2.1,0.1242
adapter,0.2,13.6,2.2,0.4244
adapter,0.2,13.6,2.3,0.5277
adapter,0.2,13.6,2.4,
adapter,0.2,13.6,2.5,0.3884
adapter,0.2,13.6,2.6,0.3741
adapter,0.2,13.6,2.7,0.5249
adapter,0.2,13.6,2.8,0.389
adapter,0.2,13.6,2.9,0.3247
adapter,0.2,13.6,3.0,0.6458
adapter,0.2,13.6,3.1,0.5947
adapter,0.2,13.6,3.2,0.171
adapter,0.2,13.6,3.3,0.052
adapter,0.2,13.6,3.4,0.2081
adapter,0.2,13.6,3.5,0.2799
adapter,0.2,13.6,3.6,0.059
adapter,0.2,13.6,3.7,0.1978
adapter,0.2,13.6,3.8,0.2855
adapter,0.2,13.6,3.9,0.695
adapter,0.2,13.6,4.0,1.1976
adapter,0.2,13.6,4.1,0.8011
adapter,0.2,13.6,4.2,0.1174
adapter,0.2,13.6,4.3,0.3579
adapter,0.2,13.6,4.4,0.3589
adapter,0.2,13.6,4.5,0.2443
adapter,0.2,13.6,4.6,0.3289
adapter,0.2,13.6,4.7,0.1945
adapter,0.2,13.6,4.8,0.2852
adapter,0.2,13.6,4.9,0.4822
adapter,0.2,13.6,5.0,0.429
adapter,0.2,13.6,5.1,0.1826
adapter,0.2,13.6,5.2,0.1329
adapter,0.2,13.6,5.3,0.2695
adapter,0.2,13.6,5.4,0.189
adapter,0.2,13.6,5.5,0.2998
adapter,0.2,13.6,5.6,0.3848
adapter,0.2,13.6,5.7,0.3231
adapter,0.2,13.6,5.8,0.4615
adapter,0.2,13.6,5.9,0.6488
adapter,0.2,13.6,6.0,0.5988
adapter,0.2,13.6,6.1,0.5163
adapter,0.2,13.6,6.2,0.012
adapter,0.2,13.6,6.3,0.3023
adapter,0.2,13.6,6.4,0.2771
adapter,0.2,13.6,6.5,0.6118
adapter,0.2,13.6,6.6,0.7473
adapter,0.2,13.6,6.7,0.1743
adapter,0.2,13.6,6.8,0.7259
adapter,0.2,13.6,6.9,1.6213
adapter,0.2,13.6,7.0,1.2645
adapter,0.2,13.6,7.1,0.4468
adapter,0.2,13.6,7.2,0.3924
adapter,0.2,13.6,7.3,
adapter,0.2,13.6,7.4,0.2743
adapter,0.2,13.6,7.5,0.2805
adapter,0.2,13.6,7.6,0.1542
adapter,0.2,13.6,7.7,0.0974
adapter,0.2,13.6,7.8,0.4638
adapter,0.2,13.6,7.9,0.6721
adapter,0.2,13.6,8.0,0.6901
adapter,0.2,13.6,8.1,0.3348
adapter,0.2,13.6,8.2,0.2064
adapter,0.2,13.6,8.3,0.3687
adapter,0.2,13.6,8.4,0.1702
adapter,0.2,13.6,8.5,0.1219
adapter,0.2,13.6,8.6,0.062
adapter,0.2,13.6,8.7,0.3024
adapter,0.2,13.6,8.8,0.4842
adapter,0.2,13.6,8.9,0.5143
adapter,0.2,13.6,9.0,0.5981
adapter,0.2,13.6,9.1,0.4072
adapter,0.2,13.6,9.2,0.2213
adapter,0.2,13.6,9.3,0.0685
adapter,0.2,13.6,9.4,0.2336
adapter,0.2,13.6,9.5,0.2986
adapter,0.2,13.6,9.6,0.1269
adapter,0.2,13.6,9.7,0.3859
adapter,0.2,13.6,9.8,0.6422
adapter,0.2,13.6,9.9,0.5651
adapter,0.2,13.6,10.0,0.6085
adapter,0.4,27.0,0.1,0.1849
adapter,0.4,27.0,0.2,0.2185
adapter,0.4,27.0,0.3,0.1388
adapter,0.4,27.0,0.4,0.4411
adapter,0.4,27.0,0.5,0.2682
adapter,0.4,27.0,0.6,0.8017
adapter,0.4,27.0,0.7,0.7874
adapter,0.4,27.0,0.8,0.352
adapter,0.4,27.0,0.9,0.2688
adapter,0.4,27.0,1.0,0.4835
adapter,0.4,27.0,1.1,0.3208
adapter,0.4,27.0,1.2,0.4851
adapter,0.4,27.0,1.3,0.5292
adapter,0.4,27.0,1.4,0.4201
adapter,0.4,27.0,1.5,0.1836
adapter,0.4,27.0,1.6,0.563
adapter,0.4,27.0,1.7,0.763
adapter,0.4,27.0,1.8,0.2386
adapter,0.4,27.0,1.9,1.0316
adapter,0.4,27.0,2.0,0.9648
adapter,0.4,27.0,2.1,0.4184
adapter,0.4,27.0,2.2,0.7481
adapter,0.4,27.0,2.3,0.9541
adapter,0.4,27.0,2.4,0.439
adapter,0.4,27.0,2.5,0.2428
adapter,0.4,27.0,2.6,0.5874
adapter,0.4,27.0,2.7,0.6626
adapter,0.4,27.0,2.8,0.5427
adapter,0.4,27.0,2.9,0.9043
adapter,0.4,27.0,3.0,1.666
adapter,0.4,27.0,3.1,0.3528
adapter,0.4,27.0,3.2,0.5129
adapter,0.4,27.0,3.3,0.5707
adapter,0.4,27.0,3.4,0.2456
adapter,0.4,27.0,3.5,0.4829
adapter,0.4,27.0,3.6,0.4323
adapter,0.4,27.0,3.7,0.3646
adapter,0.4,27.0,3.8,0.4659
adapter,0.4,27.0,3.9,1.9278
adapter,0.4,27.0,4.0,1.2293
adapter,0.4,27.0,4.1,0.4064
adapter,0.4,27.0,4.2,0.3669
adapter,0.4,27.0,4.3,0.4421
adapter,0.4,27.0,4.4,0.4032
adapter,0.4,27.0,4.5,0.273
adapter,0.4,27.0,4.6,0.4275
adapter,0.4,27.0,4.7,0.6515
adapter,0.4,27.0,4.8,0.3768
adapter,0.4,27.0,4.9,0.6993
adapter,0.4,27.0,5.0,0.7527
adapter,0.4,27.0,5.1,0.2322
adapter,0.4,27.0,5.2,0.635
adapter,0.4,27.0,5.3,0.5618
adapter,0.4,27.0,5.4,0.2294
adapter,0.4,27.0,5.5,0.1753
adapter,0.4,27.0,5.6,0.5014
adapter,0.4,27.0,5.7,0.2861
adapter,0.4,27.0,5.8,0.386
adapter,0.4,27.0,5.9,1.3205
adapter,0.4,27.0,6.0,0.4212
adapter,0.4,27.0,6.1,0.269
adapter,0.4,27.0,6.2,0.563
adapter,0.4,27.0,6.3,0.3642
adapter,0.4,27.0,6.4,0.3746
adapter,0.4,27.0,6.5,0.194
adapter,0.4,27.0,6.6,0.7451
adapter,0.4,27.0,6.7,0.7188
adapter,0.4,27.0,6.8,0.3932
adapter,0.4,27.0,6.9,2.0129
adapter,0.4,27.0,7.0,1.4105
adapter,0.4,27.0,7.1,0.3696
adapter,0.4,27.0,7.2,0.8841
adapter,0.4,27.0,7.3,0.676
adapter,0.4,27.0,7.4,0.4114
adapter,0.4,27.0,7.5,0.3459
adapter,0.4,27.0,7.6,0.5378
adapter,0.4,27.0,7.7,0.3301
adapter,0.4,27.0,7.8,0.4561
adapter,0.4,27.0,7.9,0.8624
adapter,0.4,27.0,8.0,0.4739
adapter,0.4,27.0,8.1,0.4163
adapter,0.4,27.0,8.2,0.5645
adapter,0.4,27.0,8.3,0.7299
adapter,0.4,27.0,8.4,0.4576
adapter,0.4,27.0,8.5,0.3065
adapter,0.4,27.0,8.6,0.4414
adapter,0.4,27.0,8.7,0.4232
adapter,0.4,27.0,8.8,0.0791
adapter,0.4,27.0,8.9,0.1978
adapter,0.4,27.0,9.0,0.3634
adapter,0.4,27.0,9.1,0.4435
adapter,0.4,27.0,9.2,0.6258
adapter,0.4,27.0,9.3,0.5524
adapter,0.4,27.0,9.4,0.3515
adapter,0.4,27.0,9.5,0.2757
adapter,0.4,27.0,9.6,0.5475
adapter,0.4,27.0,9.7,0.1482
adapter,0.4,27.0,9.8,0.3811
adapter,0.4,27.0,9.9,0.4749
adapter,0.4,27.0,10.0,0.6788
adapter,0.6,40.5,0.1,0.3357
adapter,0.6,40.5,0.2,0.1982
adapter,0.6,40.5,0.3,0.3651
adapter,0.6,40.5,0.4,0.2558
adapter,0.6,40.5,0.5,0.2755
adapter,0.6,40.5,0.6,0.455
adapter,0.6,40.5,0.7,0.4058
adapter,0.6,40.5,0.8,0.2484
adapter,0.6,40.5,0.9,0.3645
adapter,0.6,40.5,1.0,0.5795
adapter,0.6,40.5,1.1,0.2678
adapter,0.6,40.5,1.2,0.2482
adapter,0.6,40.5,1.3,0.27
adapter,0.6,40.5,1.4,0.3432
adapter,0.6,40.5,1.5,0.3485
adapter,0.6,40.5,1.6,0.3414
adapter,0.6,40.5,1.7,0.3953
adapter,0.6,40.5,1.8,0.3745
adapter,0.6,40.5,1.9,0.6525
adapter,0.6,40.5,2.0,0.7447
adapter,0.6,40.5,2.1,0.2099
adapter,0.6,40.5,2.2,0.4452
adapter,0.6,40.5,2.3,0.3464
adapter,0.6,40.5,2.4,0.3939
adapter,0.6,40.5,2.5,0.309
adapter,0.6,40.5,2.6,0.3612
adapter,0.6,40.5,2.7,0.2526
adapter,0.6,40.5,2.8,0.3373
adapter,0.6,40.5,2.9,1.5286
adapter,0.6,40.5,3.0,1.6034
adapter,0.6,40.5,3.1,0.339
adapter,0.6,40.5,3.2,0.1368
adapter,0.6,40.5,3.3,0.1255
adapter,0.6,40.5,3.4,0.3624
adapter,0.6,40.5,3.5,0.6036
adapter,0.6,40.5,3.6,0.9401
adapter,0.6,40.5,3.7,0.3952
adapter,0.6,40.5,3.8,0.7235
adapter,0.6,40.5,3.9,3.0151
adapter,0.6,40.5,4.0,2.7262
adapter,0.6,40.5,4.1,0.6048
adapter,0.6,40.5,4.2,0.3449
adapter,0.6,40.5,4.3,0.3465
adapter,0.6,40.5,4.4,0.3314
adapter,0.6,40.5,4.5,0.3224
adapter,0.6,40.5,4.6,0.4701
adapter,0.6,40.5,4.7,0.1974
adapter,0.6,40.5,4.8,0.1907
adapter,0.6,40.5,4.9,1.2023
adapter,0.6,40.5,5.0,0.4861
adapter,0.6,40.5,5.1,0.4429
adapter,0.6,40.5,5.2,0.4285
adapter,0.6,40.5,5.3,0.4819
adapter,0.6,40.5,5.4,0.7331
adapter,0.6,40.5,5.5,0.8798
adapter,0.6,40.5,5.6,1.2557
adapter,0.6,40.5,5.7,0.2455
adapter,0.6,40.5,5.8,0.3841
adapter,0.6,40.5,5.9,1.859
adapter,0.6,40.5,6.0,0.6326
adapter,0.6,40.5,6.1,0.6212
adapter,0.6,40.5,6.2,0.212
adapter,0.6,40.5,6.3,0.4865
adapter,0.6,40.5,6.4,0.4193
adapter,0.6,40.5,6.5,0.7367
adapter,0.6,40.5,6.6,0.5141
adapter,0.6,40.5,6.7,0.3022
adapter,0.6,40.5,6.8,0.9907
adapter,0.6,40.5,6.9,2.5379
adapter,0.6,40.5,7.0,1.1884
adapter,0.6,40.5,7.1,0.8496
adapter,0.6,40.5,7.2,0.2588
adapter,0.6,40.5,7.3,0.2119
adapter,0.6,40.5,7.4,0.291
adapter,0.6,40.5,7.5,0.933
adapter,0.6,40.5,7.6,1.1911
adapter,0.6,40.5,7.7,0.4328
adapter,0.6,40.5,7.8,
adapter,0.6,40.5,7.9,
adapter,0.6,40.5,8.0,
adapter,0.6,40.5,8.1,
adapter,0.6,40.5,8.2,
adapter,0.6,40.5,8.3,
adapter,0.6,40.5,8.4,
adapter,0.6,40.5,8.5,
adapter,0.6,40.5,8.6,
adapter,0.6,40.5,8.7,
adapter,0.6,40.5,8.8,
adapter,0.6,40.5,8.9,
adapter,0.6,40.5,9.0,
adapter,0.6,40.5,9.1,
adapter,0.6,40.5,9.2,
adapter,0.6,40.5,9.3,
adapter,0.6,40.5,9.4,
adapter,0.6,40.5,9.5,
adapter,0.6,40.5,9.6,
adapter,0.6,40.5,9.7,
adapter,0.6,40.5,9.8,
adapter,0.6,40.5,9.9,
adapter,0.6,40.5,10.0,
adapter,0.8,54.0,0.1,0.4819
adapter,0.8,54.0,0.2,0.1714
adapter,0.8,54.0,0.3,0.3219
adapter,0.8,54.0,0.4,0.3301
adapter,0.8,54.0,0.5,0.3884
adapter,0.8,54.0,0.6,0.3665
adapter,0.8,54.0,0.7,0.3213
adapter,0.8,54.0,0.8,0.6189
adapter,0.8,54.0,0.9,0.5027
adapter,0.8,54.0,1.0,0.664
adapter,0.8,54.0,1.1,0.1675
adapter,0.8,54.0,1.2,0.2822
adapter,0.8,54.0,1.3,0.2316
adapter,0.8,54.0,1.4,0.2949
adapter,0.8,54.0,1.5,0.3241
adapter,0.8,54.0,1.6,0.413
adapter,0.8,54.0,1.7,0.8393
adapter,0.8,54.0,1.8,0.2895
adapter,0.8,54.0,1.9,0.2834
adapter,0.8,54.0,2.0,1.229
adapter,0.8,54.0,2.1,0.2554
adapter,0.8,54.0,2.2,0.3594
adapter,0.8,54.0,2.3,0.3236
adapter,0.8,54.0,2.4,0.2357
adapter,0.8,54.0,2.5,0.3534
adapter,0.8,54.0,2.6,0.3621
adapter,0.8,54.0,2.7,0.5098
adapter,0.8,54.0,2.8,0.5184
adapter,0.8,54.0,2.9,1.2289
adapter,0.8,54.0,3.0,2.0946
adapter,0.8,54.0,3.1,0.3221
adapter,0.8,54.0,3.2,0.295
adapter,0.8,54.0,3.3,0.2493
adapter,0.8,54.0,3.4,0.3368
adapter,0.8,54.0,3.5,0.4977
adapter,0.8,54.0,3.6,0.5407
adapter,0.8,54.0,3.7,0.7156
adapter,0.8,54.0,3.8,0.5718
adapter,0.8,54.0,3.9,3.5474
adapter,0.8,54.0,4.0,3.1789
adapter,0.8,54.0,4.1,0.5632
adapter,0.8,54.0,4.2,0.643
adapter,0.8,54.0,4.3,0.3783
adapter,0.8,54.0,4.4,0.3336
adapter,0.8,54.0,4.5,0.3134
adapter,0.8,54.0,4.6,1.7475
adapter,0.8,54.0,4.7,1.8394
adapter,0.8,54.0,4.8,0.3519
adapter,0.8,54.0,4.9,2.1162
adapter,0.8,54.0,5.0,1.1705
adapter,0.8,54.0,5.1,0.2696
adapter,0.8,54.0,5.2,0.36
adapter,0.8,54.0,5.3,0.5825
adapter,0.8,54.0,5.4,0.1746
adapter,0.8,54.0,5.5,0.7819
adapter,0.8,54.0,5.6,2.0512
adapter,0.8,54.0,5.7,1.7875
adapter,0.8,54.0,5.8,0.0985
adapter,0.8,54.0,5.9,
adapter,0.8,54.0,6.0,
adapter,0.8,54.0,6.1,
adapter,0.8,54.0,6.2,
adapter,0.8,54.0,6.3,
adapter,0.8,54.0,6.4,
adapter,0.8,54.0,6.5,
adapter,0.8,54.0,6.6,
adapter,0.8,54.0,6.7,
adapter,0.8,54.0,6.8,
adapter,0.8,54.0,6.9,
adapter,0.8,54.0,7.0,
adapter,0.8,54.0,7.1,
adapter,0.8,54.0,7.2,
adapter,0.8,54.0,7.3,
adapter,0.8,54.0,7.4,
adapter,0.8,54.0,7.5,
adapter,0.8,54.0,7.6,
adapter,0.8,54.0,7.7,
adapter,0.8,54.0,7.8,
adapter,0.8,54.0,7.9,
adapter,0.8,54.0,8.0,
adapter,0.8,54.0,8.1,
adapter,0.8,54.0,8.2,
adapter,0.8,54.0,8.3,
adapter,0.8,54.0,8.4,
adapter,0.8,54.0,8.5,
adapter,0.8,54.0,8.6,
adapter,0.8,54.0,8.7,
adapter,0.8,54.0,8.8,
adapter,0.8,54.0,8.9,
adapter,0.8,54.0,9.0,
adapter,0.8,54.0,9.1,
adapter,0.8,54.0,9.2,
adapter,0.8,54.0,9.3,
adapter,0.8,54.0,9.4,
adapter,0.8,54.0,9.5,
adapter,0.8,54.0,9.6,
adapter,0.8,54.0,9.7,
adapter,0.8,54.0,9.8,
adapter,0.8,54.0,9.9,
adapter,0.8,54.0,10.0,
adapter,1.0,67.6,0.1,0.3833
adapter,1.0,67.6,0.2,0.3276
adapter,1.0,67.6,0.3,0.2821
adapter,1.0,67.6,0.4,0.3386
adapter,1.0,67.6,0.5,0.4548
adapter,1.0,67.6,0.6,0.3606
adapter,1.0,67.6,0.7,0.4787
adapter,1.0,67.6,0.8,0.3287
adapter,1.0,67.6,0.9,0.4148
adapter,1.0,67.6,1.0,1.6274
adapter,1.0,67.6,1.1,0.4253
adapter,1.0,67.6,1.2,0.5587
adapter,1.0,67.6,1.3,0.2638
adapter,1.0,67.6,1.4,1.19
adapter,1.0,67.6,1.5,0.264
adapter,1.0,67.6,1.6,0.2872
adapter,1.0,67.6,1.7,0.2567
adapter,1.0,67.6,1.8,0.4998
adapter,1.0,67.6,1.9,0.3954
adapter,1.0,67.6,2.0,1.1605
adapter,1.0,67.6,2.1,0.5623
adapter,1.0,67.6,2.2,0.8031
adapter,1.0,67.6,2.3,0.6198
adapter,1.0,67.6,2.4,0.8111
adapter,1.0,67.6,2.5,0.4059
adapter,1.0,67.6,2.6,0.2236
adapter,1.0,67.6,2.7,0.4574
adapter,1.0,67.6,2.8,0.7329
adapter,1.0,67.6,2.9,0.3778
adapter,1.0,67.6,3.0,1.4023
adapter,1.0,67.6,3.1,0.2562
adapter,1.0,67.6,3.2,0.3165
adapter,1.0,67.6,3.3,1.3185
adapter,1.0,67.6,3.4,0.825
adapter,1.0,67.6,3.5,0.3299
adapter,1.0,67.6,3.6,0.4014
adapter,1.0,67.6,3.7,0.2723
adapter,1.0,67.6,3.8,0.4053
adapter,1.0,67.6,3.9,1.7234
adapter,1.0,67.6,4.0,3.0524
adapter,1.0,67.6,4.1,0.3818
adapter,1.0,67.6,4.2,0.3076
adapter,1.0,67.6,4.3,1.0459
adapter,1.0,67.6,4.4,0.4693
adapter,1.0,67.6,4.5,0.3435
adapter,1.0,67.6,4.6,0.4469
adapter,1.0,67.6,4.7,
adapter,1.0,67.6,4.8,
adapter,1.0,67.6,4.9,
adapter,1.0,67.6,5.0,
adapter,1.0,67.6,5.1,
adapter,1.0,67.6,5.2,
adapter,1.0,67.6,5.3,
adapter,1.0,67.6,5.4,
adapter,1.0,67.6,5.5,
adapter,1.0,67.6,5.6,
adapter,1.0,67.6,5.7,
adapter,1.0,67.6,5.8,
adapter,1.0,67.6,5.9,
adapter,1.0,67.6,6.0,
adapter,1.0,67.6,6.1,
adapter,1.0,67.6,6.2,
adapter,1.0,67.6,6.3,
adapter,1.0,67.6,6.4,
adapter,1.0,67.6,6.5,
adapter,1.0,67.6,6.6,
adapter,1.0,67.6,6.7,
adapter,1.0,67.6,6.8,
adapter,1.0,67.6,6.9,
adapter,1.0,67.6,7.0,
adapter,1.0,67.6,7.1,
adapter,1.0,67.6,7.2,
adapter,1.0,67.6,7.3,
adapter,1.0,67.6,7.4,
adapter,1.0,67.6,7.5,
adapter,1.0,67.6,7.6,
adapter,1.0,67.6,7.7,
adapter,1.0,67.6,7.8,
adapter,1.0,67.6,7.9,
adapter,1.0,67.6,8.0,
adapter,1.0,67.6,8.1,
adapter,1.0,67.6,8.2,
adapter,1.0,67.6,8.3,
adapter,1.0,67.6,8.4,
adapter,1.0,67.6,8.5,
adapter,1.0,67.6,8.6,
adapter,1.0,67.6,8.7,
adapter,1.0,67.6,8.8,
adapter,1.0,67.6,8.9,
adapter,1.0,67.6,9.0,
adapter,1.0,67.6,9.1,
adapter,1.0,67.6,9.2,
adapter,1.0,67.6,9.3,
adapter,1.0,67.6,9.4,
adapter,1.0,67.6,9.5,
adapter,1.0,67.6,9.6,
adapter,1.0,67.6,9.7,
adapter,1.0,67.6,9.8,
adapter,1.0,67.6,9.9,
adapter,1.0,67.6,10.0,
adapter,1.2,81.2,0.1,0.9951
adapter,1.2,81.2,0.2,0.3526
adapter,1.2,81.2,0.3,0.7261
adapter,1.2,81.2,0.4,1.201
adapter,1.2,81.2,0.5,0.4455
adapter,1.2,81.2,0.6,0.8559
adapter,1.2,81.2,0.7,0.797
adapter,1.2,81.2,0.8,0.6275
adapter,1.2,81.2,0.9,0.4405
adapter,1.2,81.2,1.0,2.046
adapter,1.2,81.2,1.1,0.8456
adapter,1.2,81.2,1.2,0.7749
adapter,1.2,81.2,1.3,0.4213
adapter,1.2,81.2,1.4,0.6016
adapter,1.2,81.2,1.5,0.4363
adapter,1.2,81.2,1.6,0.4252
adapter,1.2,81.2,1.7,0.3465
adapter,1.2,81.2,1.8,0.589
adapter,1.2,81.2,1.9,0.7934
adapter,1.2,81.2,2.0,1.2277
adapter,1.2,81.2,2.1,0.409
adapter,1.2,81.2,2.2,0.7211
adapter,1.2,81.2,2.3,0.5073
adapter,1.2,81.2,2.4,0.9694
adapter,1.2,81.2,2.5,0.5793
adapter,1.2,81.2,2.6,0.4421
adapter,1.2,81.2,2.7,0.6896
adapter,1.2,81.2,2.8,0.5541
adapter,1.2,81.2,2.9,0.2558
adapter,1.2,81.2,3.0,1.6314
adapter,1.2,81.2,3.1,0.5286
adapter,1.2,81.2,3.2,0.8447
adapter,1.2,81.2,3.3,0.3062
adapter,1.2,81.2,3.4,0.5497
adapter,1.2,81.2,3.5,0.372
adapter,1.2,81.2,3.6,0.3348
adapter,1.2,81.2,3.7,1.3756
adapter,1.2,81.2,3.8,0.9776
adapter,1.2,81.2,3.9,0.3055
adapter,1.2,81.2,4.0,
adapter,1.2,81.2,4.1,
adapter,1.2,81.2,4.2,
adapter,1.2,81.2,4.3,
adapter,1.2,81.2,4.4,
adapter,1.2,81.2,4.5,
adapter,1.2,81.2,4.6,
adapter,1.2,81.2,4.7,
adapter,1.2,81.2,4.8,
adapter,1.2,81.2,4.9,
adapter,1.2,81.2,5.0,
adapter,1.2,81.2,5.1,
adapter,1.2,81.2,5.2,
adapter,1.2,81.2,5.3,
adapter,1.2,81.2,5.4,
adapter,1.2,81.2,5.5,
adapter,1.2,81.2,5.6,
adapter,1.2,81.2,5.7,
adapter,1.2,81.2,5.8,
adapter,1.2,81.2,5.9,
adapter,1.2,81.2,6.0,
adapter,1.2,81.2,6.1,
adapter,1.2,81.2,6.2,
adapter,1.2,81.2,6.3,
adapter,1.2,81.2,6.4,
adapter,1.2,81.2,6.5,
adapter,1.2,81.2,6.6,
adapter,1.2,81.2,6.7,
adapter,1.2,81.2,6.8,
adapter,1.2,81.2,6.9,
adapter,1.2,81.2,7.0,
adapter,1.2,81.2,7.1,
adapter,1.2,81.2,7.2,
adapter,1.2,81.2,7.3,
adapter,1.2,81.2,7.4,
adapter,1.2,81.2,7.5,
adapter,1.2,81.2,7.6,
adapter,1.2,81.2,7.7,
adapter,1.2,81.2,7.8,
adapter,1.2,81.2,7.9,
adapter,1.2,81.2,8.0,
adapter,1.2,81.2,8.1,
adapter,1.2,81.2,8.2,
adapter,1.2,81.2,8.3,
adapter,1.2,81.2,8.4,
adapter,1.2,81.2,8.5,
adapter,1.2,81.2,8.6,
adapter,1.2,81.2,8.7,
adapter,1.2,81.2,8.8,
adapter,1.2,81.2,8.9,
adapter,1.2,81.2,9.0,
adapter,1.2,81.2,9.1,
adapter,1.2,81.2,9.2,
adapter,1.2,81.2,9.3,
adapter,1.2,81.2,9.4,
adapter,1.2,81.2,9.5,
adapter,1.2,81.2,9.6,
adapter,1.2,81.2,9.7,
adapter,1.2,81.2,9.8,
adapter,1.2,81.2,9.9,
adapter,1.2,81.2,10.0,
adapter,1.4,94.4,0.1,1.0312
adapter,1.4,94.4,0.2,1.552
adapter,1.4,94.4,0.3,0.8408
adapter,1.4,94.4,0.4,0.7815
adapter,1.4,94.4,0.5,1.5507
adapter,1.4,94.4,0.6,1.831
adapter,1.4,94.4,0.7,1.142
adapter,1.4,94.4,0.8,1.2882
adapter,1.4,94.4,0.9,1.0033
adapter,1.4,94.4,1.0,1.1015
adapter,1.4,94.4,1.1,0.851
adapter,1.4,94.4,1.2,0.8945
adapter,1.4,94.4,1.3,1.2876
adapter,1.4,94.4,1.4,0.8072
adapter,1.4,94.4,1.5,0.9447
adapter,1.4,94.4,1.6,0.7094
adapter,1.4,94.4,1.7,0.7975
adapter,1.4,94.4,1.8,0.5399
adapter,1.4,94.4,1.9,0.6727
adapter,1.4,94.4,2.0,2.5018
adapter,1.4,94.4,2.1,0.9454
adapter,1.4,94.4,2.2,0.529
adapter,1.4,94.4,2.3,0.8748
adapter,1.4,94.4,2.4,0.6166
adapter,1.4,94.4,2.5,0.6059
adapter,1.4,94.4,2.6,0.8482
adapter,1.4,94.4,2.7,1.5045
adapter,1.4,94.4,2.8,0.4266
adapter,1.4,94.4,2.9,1.1752
adapter,1.4,94.4,3.0,1.4084
adapter,1.4,94.4,3.1,0.3494
adapter,1.4,94.4,3.2,0.9209
adapter,1.4,94.4,3.3,0.9238
adapter,1.4,94.4,3.4,
adapter,1.4,94.4,3.5,
adapter,1.4,94.4,3.6,
adapter,1.4,94.4,3.7,
adapter,1.4,94.4,3.8,
adapter,1.4,94.4,3.9,
adapter,1.4,94.4,4.0,
adapter,1.4,94.4,4.1,
adapter,1.4,94.4,4.2,
adapter,1.4,94.4,4.3,
adapter,1.4,94.4,4.4,
adapter,1.4,94.4,4.5,
adapter,1.4,94.4,4.6,
adapter,1.4,94.4,4.7,
adapter,1.4,94.4,4.8,
adapter,1.4,94.4,4.9,
adapter,1.4,94.4,5.0,
adapter,1.4,94.4,5.1,
adapter,1.4,94.4,5.2,
adapter,1.4,94.4,5.3,
adapter,1.4,94.4,5.4,
adapter,1.4,94.4,5.5,
adapter,1.4,94.4,5.6,
adapter,1.4,94.4,5.7,
adapter,1.4,94.4,5.8,
adapter,1.4,94.4,5.9,
adapter,1.4,94.4,6.0,
adapter,1.4,94.4,6.1,
adapter,1.4,94.4,6.2,
adapter,1.4,94.4,6.3,
adapter,1.4,94.4,6.4,
adapter,1.4,94.4,6.5,
adapter,1.4,94.4,6.6,
adapter,1.4,94.4,6.7,
adapter,1.4,94.4,6.8,
adapter,1.4,94.4,6.9,
adapter,1.4,94.4,7.0,
adapter,1.4,94.4,7.1,
adapter,1.4,94.4,7.2,
adapter,1.4,94.4,7.3,
adapter,1.4,94.4,7.4,
adapter,1.4,94.4,7.5,
adapter,1.4,94.4,7.6,
adapter,1.4,94.4,7.7,
adapter,1.4,94.4,7.8,
adapter,1.4,94.4,7.9,
adapter,1.4,94.4,8.0,
adapter,1.4,94.4,8.1,
adapter,1.4,94.4,8.2,
adapter,1.4,94.4,8.3,
adapter,1.4,94.4,8.4,
adapter,1.4,94.4,8.5,
adapter,1.4,94.4,8.6,
adapter,1.4,94.4,8.7,
adapter,1.4,94.4,8.8,
adapter,1.4,94.4,8.9,
adapter,1.4,94.4,9.0,
adapter,1.4,94.4,9.1,
adapter,1.4,94.4,9.2,
adapter,1.4,94.4,9.3,
adapter,1.4,94.4,9.4,
adapter,1.4,94.4,9.5,
adapter,1.4,94.4,9.6,
adapter,1.4,94.4,9.7,
adapter,1.4,94.4,9.8,
adapter,1.4,94.4,9.9,
adapter,1.4,94.4,10.0,
adapter,1.6,106.8,0.1,1.0185
adapter,1.6,106.8,0.2,1.8163
adapter,1.6,106.8,0.3,0.75
adapter,1.6,106.8,0.4,0.6301
adapter,1.6,106.8,0.5,2.1381
adapter,1.6,106.8,0.6,1.636
adapter,1.6,106.8,0.7,0.9356
adapter,1.6,106.8,0.8,1.0643
adapter,1.6,106.8,0.9,1.2588
adapter,1.6,106.8,1.0,2.0761
adapter,1.6,106.8,1.1,0.8081
adapter,1.6,106.8,1.2,1.1994
adapter,1.6,106.8,1.3,0.9324
adapter,1.6,106.8,1.4,0.8492
adapter,1.6,106.8,1.5,0.7475
adapter,1.6,106.8,1.6,0.9268
adapter,1.6,106.8,1.7,1.0643
adapter,1.6,106.8,1.8,1.4563
adapter,1.6,106.8,1.9,1.2305
adapter,1.6,106.8,2.0,2.1665
adapter,1.6,106.8,2.1,0.9335
adapter,1.6,106.8,2.2,0.7402
adapter,1.6,106.8,2.3,0.4958
adapter,1.6,106.8,2.4,0.7376
adapter,1.6,106.8,2.5,0.7865
adapter,1.6,106.8,2.6,0.4127
adapter,1.6,106.8,2.7,0.7726
adapter,1.6,106.8,2.8,1.0652
adapter,1.6,106.8,2.9,1.7696
adapter,1.6,106.8,3.0,
adapter,1.6,106.8,3.1,
adapter,1.6,106.8,3.2,
adapter,1.6,106.8,3.3,
adapter,1.6,106.8,3.4,
adapter,1.6,106.8,3.5,
adapter,1.6,106.8,3.6,
adapter,1.6,106.8,3.7,
adapter,1.6,106.8,3.8,
adapter,1.6,106.8,3.9,
adapter,1.6,106.8,4.0,
adapter,1.6,106.8,4.1,
adapter,1.6,106.8,4.2,
adapter,1.6,106.8,4.3,
adapter,1.6,106.8,4.4,
adapter,1.6,106.8,4.5,
adapter,1.6,106.8,4.6,
adapter,1.6,106.8,4.7,
adapter,1.6,106.8,4.8,
adapter,1.6,106.8,4.9,
adapter,1.6,106.8,5.0,
adapter,1.6,106.8,5.1,
adapter,1.6,106.8,5.2,
adapter,1.6,106.8,5.3,
adapter,1.6,106.8,5.4,
adapter,1.6,106.8,5.5,
adapter,1.6,106.8,5.6,
adapter,1.6,106.8,5.7,
adapter,1.6,106.8,5.8,
adapter,1.6,106.8,5.9,
adapter,1.6,106.8,6.0,
adapter,1.6,106.8,6.1,
adapter,1.6,106.8,6.2,
adapter,1.6,106.8,6.3,
adapter,1.6,106.8,6.4,
adapter,1.6,106.8,6.5,
adapter,1.6,106.8,6.6,
adapter,1.6,106.8,6.7,
adapter,1.6,106.8,6.8,
adapter,1.6,106.8,6.9,
adapter,1.6,106.8,7.0,
adapter,1.6,106.8,7.1,
adapter,1.6,106.8,7.2,
adapter,1.6,106.8,7.3,
adapter,1.6,106.8,7.4,
adapter,1.6,106.8,7.5,
adapter,1.6,106.8,7.6,
adapter,1.6,106.8,7.7,
adapter,1.6,106.8,7.8,
adapter,1.6,106.8,7.9,
adapter,1.6,106.8,8.0,
adapter,1.6,106.8,8.1,
adapter,1.6,106.8,8.2,
adapter,1.6,106.8,8.3,
adapter,1.6,106.8,8.4,
adapter,1.6,106.8,8.5,
adapter,1.6,106.8,8.6,
adapter,1.6,106.8,8.7,
adapter,1.6,106.8,8.8,
adapter,1.6,106.8,8.9,
adapter,1.6,106.8,9.0,
adapter,1.6,106.8,9.1,
adapter,1.6,106.8,9.2,
adapter,1.6,106.8,9.3,
adapter,1.6,106.8,9.4,
adapter,1.6,106.8,9.5,
adapter,1.6,106.8,9.6,
adapter,1.6,106.8,9.7,
adapter,1.6,106.8,9.8,
adapter,1.6,106.8,9.9,
adapter,1.6,106.8,10.0,
repaired,0.2,13.4,0.1,0.0071
repaired,0.2,13.4,0.2,0.009
repaired,0.2,13.4,0.3,0.0211
repaired,0.2,13.4,0.4,0.0152
repaired,0.2,13.4,0.5,0.0037
repaired,0.2,13.4,0.6,0.0346
repaired,0.2,13.4,0.7,0.0294
repaired,0.2,13.4,0.8,0.032
repaired,0.2,13.4,0.9,0.2029
repaired,0.2,13.4,1.0,0.2696
repaired,0.2,13.4,1.1,0.0735
repaired,0.2,13.4,1.2,0.0229
repaired,0.2,13.4,1.3,0.027
repaired,0.2,13.4,1.4,0.0099
repaired,0.2,13.4,1.5,0.0147
repaired,0.2,13.4,1.6,
repaired,0.2,13.4,1.7,0.0187
repaired,0.2,13.4,1.8,0.0108
repaired,0.2,13.4,1.9,0.0188
repaired,0.2,13.4,2.0,0.0186
repaired,0.2,13.4,2.1,0.0261
repaired,0.2,13.4,2.2,0.0398
repaired,0.2,13.4,2.3,0.0253
repaired,0.2,13.4,2.4,0.0099
repaired,0.2,13.4,2.5,0.0255
repaired,0.2,13.4,2.6,0.0353
repaired,0.2,13.4,2.7,0.0233
repaired,0.2,13.4,2.8,0.0025
repaired,0.2,13.4,2.9,0.0693
repaired,0.2,13.4,3.0,0.1138
repaired,0.2,13.4,3.1,0.053
repaired,0.2,13.4,3.2,0.016
repaired,0.2,13.4,3.3,0.0093
repaired,0.2,13.4,3.4,0.0077
repaired,0.2,13.4,3.5,0.0249
repaired,0.2,13.4,3.6,0.0472
repaired,0.2,13.4,3.7,0.0431
repaired,0.2,13.4,3.8,0.0131
repaired,0.2,13.4,3.9,0.0829
repaired,0.2,13.4,4.0,0.0986
repaired,0.2,13.4,4.1,0.0335
repaired,0.2,13.4,4.2,0.0208
repaired,0.2,13.4,4.3,0.0107
repaired,0.2,13.4,4.4,0.0242
repaired,0.2,13.4,4.5,0.0157
repaired,0.2,13.4,4.6,0.0309
repaired,0.2,13.4,4.7,0.0165
repaired,0.2,13.4,4.8,0.0164
repaired,0.2,13.4,4.9,
repaired,0.2,13.4,5.0,0.1148
repaired,0.2,13.4,5.1,0.1099
repaired,0.2,13.4,5.2,0.0354
repaired,0.2,13.4,5.3,0.0319
repaired,0.2,13.4,5.4,0.0212
repaired,0.2,13.4,5.5,0.0145
repaired,0.2,13.4,5.6,0.0147
repaired,0.2,13.4,5.7,0.0207
repaired,0.2,13.4,5.8,0.0063
repaired,0.2,13.4,5.9,0.0504
repaired,0.2,13.4,6.0,0.1218
repaired,0.2,13.4,6.1,0.0833
repaired,0.2,13.4,6.2,0.0447
repaired,0.2,13.4,6.3,0.0514
repaired,0.2,13.4,6.4,0.0475
repaired,0.2,13.4,6.5,0.0219
repaired,0.2,13.4,6.6,0.039
repaired,0.2,13.4,6.7,0.048
repaired,0.2,13.4,6.8,0.0379
repaired,0.2,13.4,6.9,0.054
repaired,0.2,13.4,7.0,0.1361
repaired,0.2,13.4,7.1,0.0674
repaired,0.2,13.4,7.2,0.0262
repaired,0.2,13.4,7.3,0.0334
repaired,0.2,13.4,7.4,0.0107
repaired,0.2,13.4,7.5,0.0249
repaired,0.2,13.4,7.6,0.0249
repaired,0.2,13.4,7.7,0.055
repaired,0.2,13.4,7.8,0.0176
repaired,0.2,13.4,7.9,0.0996
repaired,0.2,13.4,8.0,0.1028
repaired,0.2,13.4,8.1,0.0146
repaired,0.2,13.4,8.2,
repaired,0.2,13.4,8.3,0.0224
repaired,0.2,13.4,8.4,0.0204
repaired,0.2,13.4,8.5,0.0178
repaired,0.2,13.4,8.6,0.0199
repaired,0.2,13.4,8.7,0.0254
repaired,0.2,13.4,8.8,0.053
repaired,0.2,13.4,8.9,0.0129
repaired,0.2,13.4,9.0,0.0724
repaired,0.2,13.4,9.1,0.0301
repaired,0.2,13.4,9.2,0.0386
repaired,0.2,13.4,9.3,0.0274
repaired,0.2,13.4,9.4,0.0121
repaired,0.2,13.4,9.5,0.0265
repaired,0.2,13.4,9.6,0.0233
repaired,0.2,13.4,9.7,0.0206
repaired,0.2,13.4,9.8,0.0124
repaired,0.2,13.4,9.9,0.072
repaired,0.2,13.4,10.0,0.1148
repaired,0.4,26.8,0.1,0.0761
repaired,0.4,26.8,0.2,0.0739
repaired,0.4,26.8,0.3,0.0362
repaired,0.4,26.8,0.4,0.0278
repaired,0.4,26.8,0.5,0.11
repaired,0.4,26.8,0.6,0.0734
repaired,0.4,26.8,0.7,0.0622
repaired,0.4,26.8,0.8,0.1272
repaired,0.4,26.8,0.9,0.2419
repaired,0.4,26.8,1.0,0.6862
repaired,0.4,26.8,1.1,0.0709
repaired,0.4,26.8,1.2,0.0678
repaired,0.4,26.8,1.3,0.0537
repaired,0.4,26.8,1.4,0.0443
repaired,0.4,26.8,1.5,0.0484
repaired,0.4,26.8,1.6,0.0336
repaired,0.4,26.8,1.7,0.0446
repaired,0.4,26.8,1.8,0.0745
repaired,0.4,26.8,1.9,0.0633
repaired,0.4,26.8,2.0,0.0475
repaired,0.4,26.8,2.1,0.0653
repaired,0.4,26.8,2.2,0.08
repaired,0.4,26.8,2.3,0.0554
repaired,0.4,26.8,2.4,0.0912
repaired,0.4,26.8,2.5,0.0615
repaired,0.4,26.8,2.6,0.021
repaired,0.4,26.8,2.7,0.0628
repaired,0.4,26.8,2.8,0.053
repaired,0.4,26.8,2.9,0.0558
repaired,0.4,26.8,3.0,0.3887
repaired,0.4,26.8,3.1,0.2273
repaired,0.4,26.8,3.2,0.0606
repaired,0.4,26.8,3.3,0.0427
repaired,0.4,26.8,3.4,0.0909
repaired,0.4,26.8,3.5,0.038
repaired,0.4,26.8,3.6,0.0585
repaired,0.4,26.8,3.7,0.0841
repaired,0.4,26.8,3.8,0.0773
repaired,0.4,26.8,3.9,0.1573
repaired,0.4,26.8,4.0,0.3331
repaired,0.4,26.8,4.1,0.1015
repaired,0.4,26.8,4.2,0.0655
repaired,0.4,26.8,4.3,0.065
repaired,0.4,26.8,4.4,0.0553
repaired,0.4,26.8,4.5,0.1088
repaired,0.4,26.8,4.6,0.0869
repaired,0.4,26.8,4.7,0.0688
repaired,0.4,26.8,4.8,0.0596
repaired,0.4,26.8,4.9,0.0893
repaired,0.4,26.8,5.0,0.38
repaired,0.4,26.8,5.1,0.1263
repaired,0.4,26.8,5.2,0.0261
repaired,0.4,26.8,5.3,0.0537
repaired,0.4,26.8,5.4,0.0698
repaired,0.4,26.8,5.5,0.0463
repaired,0.4,26.8,5.6,0.0743
repaired,0.4,26.8,5.7,0.0384
repaired,0.4,26.8,5.8,0.0896
repaired,0.4,26.8,5.9,0.0353
repaired,0.4,26.8,6.0,0.2895
repaired,0.4,26.8,6.1,0.1839
repaired,0.4,26.8,6.2,0.0584
repaired,0.4,26.8,6.3,0.037
repaired,0.4,26.8,6.4,0.0418
repaired,0.4,26.8,6.5,0.0515
repaired,0.4,26.8,6.6,0.037
repaired,0.4,26.8,6.7,0.0699
repaired,0.4,26.8,6.8,0.0858
repaired,0.4,26.8,6.9,0.1176
repaired,0.4,26.8,7.0,0.1854
repaired,0.4,26.8,7.1,0.0593
repaired,0.4,26.8,7.2,0.0931
repaired,0.4,26.8,7.3,0.0759
repaired,0.4,26.8,7.4,0.1088
repaired,0.4,26.8,7.5,0.1554
repaired,0.4,26.8,7.6,0.0916
repaired,0.4,26.8,7.7,0.0584
repaired,0.4,26.8,7.8,0.1059
repaired,0.4,26.8,7.9,0.1475
repaired,0.4,26.8,8.0,0.1245
repaired,0.4,26.8,8.1,0.0718
repaired,0.4,26.8,8.2,0.1152
repaired,0.4,26.8,8.3,0.0933
repaired,0.4,26.8,8.4,0.0816
repaired,0.4,26.8,8.5,0.1326
repaired,0.4,26.8,8.6,0.0947
repaired,0.4,26.8,8.7,0.0676
repaired,0.4,26.8,8.8,0.1111
repaired,0.4,26.8,8.9,0.1138
repaired,0.4,26.8,9.0,0.294
repaired,0.4,26.8,9.1,0.1972
repaired,0.4,26.8,9.2,0.0487
repaired,0.4,26.8,9.3,0.1237
repaired,0.4,26.8,9.4,0.3724
repaired,0.4,26.8,9.5,0.3326
repaired,0.4,26.8,9.6,0.1065
repaired,0.4,26.8,9.7,0.0399
repaired,0.4,26.8,9.8,0.0326
repaired,0.4,26.8,9.9,0.2041
repaired,0.4,26.8,10.0,0.2591
repaired,0.6,40.3,0.1,0.1534
repaired,0.6,40.3,0.2,0.1506
repaired,0.6,40.3,0.3,0.1267
repaired,0.6,40.3,0.4,0.118
repaired,0.6,40.3,0.5,0.0988
repaired,0.6,40.3,0.6,0.0883
repaired,0.6,40.3,0.7,0.0697
repaired,0.6,40.3,0.8,0.078
repaired,0.6,40.3,0.9,0.1707
repaired,0.6,40.3,1.0,1.0752
repaired,0.6,40.3,1.1,0.1039
repaired,0.6,40.3,1.2,0.0819
repaired,0.6,40.3,1.3,0.1797
repaired,0.6,40.3,1.4,0.1137
repaired,0.6,40.3,1.5,0.1636
repaired,0.6,40.3,1.6,0.0951
repaired,0.6,40.3,1.7,0.1239
repaired,0.6,40.3,1.8,0.1754
repaired,0.6,40.3,1.9,0.1076
repaired,0.6,40.3,2.0,0.1756
repaired,0.6,40.3,2.1,0.1111
repaired,0.6,40.3,2.2,0.1028
repaired,0.6,40.3,2.3,0.1889
repaired,0.6,40.3,2.4,0.0851
repaired,0.6,40.3,2.5,0.1457
repaired,0.6,40.3,2.6,0.1534
repaired,0.6,40.3,2.7,0.1703
repaired,0.6,40.3,2.8,0.074
repaired,0.6,40.3,2.9,0.3103
repaired,0.6,40.3,3.0,0.6324
repaired,0.6,40.3,3.1,0.1849
repaired,0.6,40.3,3.2,0.1201
repaired,0.6,40.3,3.3,0.1298
repaired,0.6,40.3,3.4,0.067
repaired,0.6,40.3,3.5,0.1836
repaired,0.6,40.3,3.6,0.1509
repaired,0.6,40.3,3.7,0.2311
repaired,0.6,40.3,3.8,0.1343
repaired,0.6,40.3,3.9,0.2164
repaired,0.6,40.3,4.0,0.2833
repaired,0.6,40.3,4.1,0.1663
repaired,0.6,40.3,4.2,0.1622
repaired,0.6,40.3,4.3,0.1493
repaired,0.6,40.3,4.4,0.0975
repaired,0.6,40.3,4.5,0.1421
repaired,0.6,40.3,4.6,0.156
repaired,0.6,40.3,4.7,0.1155
repaired,0.6,40.3,4.8,0.0434
repaired,0.6,40.3,4.9,0.2974
repaired,0.6,40.3,5.0,0.2578
repaired,0.6,40.3,5.1,0.0962
repaired,0.6,40.3,5.2,0.1471
repaired,0.6,40.3,5.3,0.1542
repaired,0.6,40.3,5.4,0.1257
repaired,0.6,40.3,5.5,0.1142
repaired,0.6,40.3,5.6,0.09
repaired,0.6,40.3,5.7,0.1245
repaired,0.6,40.3,5.8,0.148
repaired,0.6,40.3,5.9,0.4385
repaired,0.6,40.3,6.0,0.4176
repaired,0.6,40.3,6.1,0.1726
repaired,0.6,40.3,6.2,0.224
repaired,0.6,40.3,6.3,0.0753
repaired,0.6,40.3,6.4,0.1796
repaired,0.6,40.3,6.5,0.1039
repaired,0.6,40.3,6.6,0.0872
repaired,0.6,40.3,6.7,0.1757
repaired,0.6,40.3,6.8,0.2045
repaired,0.6,40.3,6.9,0.4402
repaired,0.6,40.3,7.0,0.2948
repaired,0.6,40.3,7.1,0.2218
repaired,0.6,40.3,7.2,0.0927
repaired,0.6,40.3,7.3,0.161
repaired,0.6,40.3,7.4,0.1074
repaired,0.6,40.3,7.5,0.1026
repaired,0.6,40.3,7.6,0.0778
repaired,0.6,40.3,7.7,0.135
repaired,0.6,40.3,7.8,0.0811
repaired,0.6,40.3,7.9,
repaired,0.6,40.3,8.0,
repaired,0.6,40.3,8.1,
repaired,0.6,40.3,8.2,
repaired,0.6,40.3,8.3,
repaired,0.6,40.3,8.4,
repaired,0.6,40.3,8.5,
repaired,0.6,40.3,8.6,
repaired,0.6,40.3,8.7,
repaired,0.6,40.3,8.8,
repaired,0.6,40.3,8.9,
repaired,0.6,40.3,9.0,
repaired,0.6,40.3,9.1,
repaired,0.6,40.3,9.2,
repaired,0.6,40.3,9.3,
repaired,0.6,40.3,9.4,
repaired,0.6,40.3,9.5,
repaired,0.6,40.3,9.6,
repaired,0.6,40.3,9.7,
repaired,0.6,40.3,9.8,
repaired,0.6,40.3,9.9,
repaired,0.6,40.3,10.0,
repaired,0.8,54.0,0.1,0.2241
repaired,0.8,54.0,0.2,0.1366
repaired,0.8,54.0,0.3,0.194
repaired,0.8,54.0,0.4,0.1256
repaired,0.8,54.0,0.5,0.3169
repaired,0.8,54.0,0.6,0.3
repaired,0.8,54.0,0.7,0.1994
repaired,0.8,54.0,0.8,0.0974
repaired,0.8,54.0,0.9,0.2533
repaired,0.8,54.0,1.0,1.7328
repaired,0.8,54.0,1.1,0.2145
repaired,0.8,54.0,1.2,0.0796
repaired,0.8,54.0,1.3,0.1596
repaired,0.8,54.0,1.4,0.3059
repaired,0.8,54.0,1.5,0.2419
repaired,0.8,54.0,1.6,0.2104
repaired,0.8,54.0,1.7,0.2182
repaired,0.8,54.0,1.8,0.1626
repaired,0.8,54.0,1.9,0.3628
repaired,0.8,54.0,2.0,0.2524
repaired,0.8,54.0,2.1,0.2048
repaired,0.8,54.0,2.2,0.1337
repaired,0.8,54.0,2.3,0.3074
repaired,0.8,54.0,2.4,0.3063
repaired,0.8,54.0,2.5,0.0652
repaired,0.8,54.0,2.6,0.1022
repaired,0.8,54.0,2.7,0.1691
repaired,0.8,54.0,2.8,0.1999
repaired,0.8,54.0,2.9,0.3789
repaired,0.8,54.0,3.0,0.4619
repaired,0.8,54.0,3.1,0.1887
repaired,0.8,54.0,3.2,0.243
repaired,0.8,54.0,3.3,0.1787
repaired,0.8,54.0,3.4,0.3407
repaired,0.8,54.0,3.5,0.1326
repaired,0.8,54.0,3.6,0.365
repaired,0.8,54.0,3.7,0.1853
repaired,0.8,54.0,3.8,0.0993
repaired,0.8,54.0,3.9,0.1521
repaired,0.8,54.0,4.0,0.2113
repaired,0.8,54.0,4.1,0.2165
repaired,0.8,54.0,4.2,0.1686
repaired,0.8,54.0,4.3,0.3166
repaired,0.8,54.0,4.4,0.275
repaired,0.8,54.0,4.5,0.1269
repaired,0.8,54.0,4.6,0.2994
repaired,0.8,54.0,4.7,0.2259
repaired,0.8,54.0,4.8,0.2613
repaired,0.8,54.0,4.9,0.2337
repaired,0.8,54.0,5.0,0.3393
repaired,0.8,54.0,5.1,0.1821
repaired,0.8,54.0,5.2,0.1092
repaired,0.8,54.0,5.3,0.1319
repaired,0.8,54.0,5.4,0.0981
repaired,0.8,54.0,5.5,0.0938
repaired,0.8,54.0,5.6,0.3567
repaired,0.8,54.0,5.7,0.1828
repaired,0.8,54.0,5.8,0.1231
repaired,0.8,54.0,5.9,
repaired,0.8,54.0,6.0,
repaired,0.8,54.0,6.1,
repaired,0.8,54.0,6.2,
repaired,0.8,54.0,6.3,
repaired,0.8,54.0,6.4,
repaired,0.8,54.0,6.5,
repaired,0.8,54.0,6.6,
repaired,0.8,54.0,6.7,
repaired,0.8,54.0,6.8,
repaired,0.8,54.0,6.9,
repaired,0.8,54.0,7.0,
repaired,0.8,54.0,7.1,
repaired,0.8,54.0,7.2,
repaired,0.8,54.0,7.3,
repaired,0.8,54.0,7.4,
repaired,0.8,54.0,7.5,
repaired,0.8,54.0,7.6,
repaired,0.8,54.0,7.7,
repaired,0.8,54.0,7.8,
repaired,0.8,54.0,7.9,
repaired,0.8,54.0,8.0,
repaired,0.8,54.0,8.1,
repaired,0.8,54.0,8.2,
repaired,0.8,54.0,8.3,
repaired,0.8,54.0,8.4,
repaired,0.8,54.0,8.5,
repaired,0.8,54.0,8.6,
repaired,0.8,54.0,8.7,
repaired,0.8,54.0,8.8,
repaired,0.8,54.0,8.9,
repaired,0.8,54.0,9.0,
repaired,0.8,54.0,9.1,
repaired,0.8,54.0,9.2,
repaired,0.8,54.0,9.3,
repaired,0.8,54.0,9.4,
repaired,0.8,54.0,9.5,
repaired,0.8,54.0,9.6,
repaired,0.8,54.0,9.7,
repaired,0.8,54.0,9.8,
repaired,0.8,54.0,9.9,
repaired,0.8,54.0,10.0,
repaired,1.0,67.5,0.1,0.3031
repaired,1.0,67.5,0.2,0.2591
repaired,1.0,67.5,0.3,0.2373
repaired,1.0,67.5,0.4,0.328
repaired,1.0,67.5,0.5,0.3337
repaired,1.0,67.5,0.6,0.2786
repaired,1.0,67.5,0.7,0.2058
repaired,1.0,67.5,0.8,0.2589
repaired,1.0,67.5,0.9,0.2466
repaired,1.0,67.5,1.0,1.9557
repaired,1.0,67.5,1.1,0.3795
repaired,1.0,67.5,1.2,0.2921
repaired,1.0,67.5,1.3,0.186
repaired,1.0,67.5,1.4,0.3527
repaired,1.0,67.5,1.5,0.2661
repaired,1.0,67.5,1.6,0.2774
repaired,1.0,67.5,1.7,0.3271
repaired,1.0,67.5,1.8,0.1825
repaired,1.0,67.5,1.9,0.3676
repaired,1.0,67.5,2.0,0.5419
repaired,1.0,67.5,2.1,0.2918
repaired,1.0,67.5,2.2,0.3062
repaired,1.0,67.5,2.3,0.29
repaired,1.0,67.5,2.4,0.2037
repaired,1.0,67.5,2.5,0.1657
repaired,1.0,67.5,2.6,0.1782
repaired,1.0,67.5,2.7,0.2294
repaired,1.0,67.5,2.8,0.2424
repaired,1.0,67.5,2.9,0.2978
repaired,1.0,67.5,3.0,0.6241
repaired,1.0,67.5,3.1,0.2982
repaired,1.0,67.5,3.2,0.181
repaired,1.0,67.5,3.3,0.3895
repaired,1.0,67.5,3.4,0.3493
repaired,1.0,67.5,3.5,0.2687
repaired,1.0,67.5,3.6,0.1878
repaired,1.0,67.5,3.7,0.2669
repaired,1.0,67.5,3.8,0.1586
repaired,1.0,67.5,3.9,0.1996
repaired,1.0,67.5,4.0,0.5652
repaired,1.0,67.5,4.1,0.1372
repaired,1.0,67.5,4.2,0.2819
repaired,1.0,67.5,4.3,0.2297
repaired,1.0,67.5,4.4,0.1939
repaired,1.0,67.5,4.5,0.1473
repaired,1.0,67.5,4.6,0.1962
repaired,1.0,67.5,4.7,
repaired,1.0,67.5,4.8,
repaired,1.0,67.5,4.9,
repaired,1.0,67.5,5.0,
repaired,1.0,67.5,5.1,
repaired,1.0,67.5,5.2,
repaired,1.0,67.5,5.3,
repaired,1.0,67.5,5.4,
repaired,1.0,67.5,5.5,
repaired,1.0,67.5,5.6,
repaired,1.0,67.5,5.7,
repaired,1.0,67.5,5.8,
repaired,1.0,67.5,5.9,
repaired,1.0,67.5,6.0,
repaired,1.0,67.5,6.1,
repaired,1.0,67.5,6.2,
repaired,1.0,67.5,6.3,
repaired,1.0,67.5,6.4,
repaired,1.0,67.5,6.5,
repaired,1.0,67.5,6.6,
repaired,1.0,67.5,6.7,
repaired,1.0,67.5,6.8,
repaired,1.0,67.5,6.9,
repaired,1.0,67.5,7.0,
repaired,1.0,67.5,7.1,
repaired,1.0,67.5,7.2,
repaired,1.0,67.5,7.3,
repaired,1.0,67.5,7.4,
repaired,1.0,67.5,7.5,
repaired,1.0,67.5,7.6,
repaired,1.0,67.5,7.7,
repaired,1.0,67.5,7.8,
repaired,1.0,67.5,7.9,
repaired,1.0,67.5,8.0,
repaired,1.0,67.5,8.1,
repaired,1.0,67.5,8.2,
repaired,1.0,67.5,8.3,
repaired,1.0,67.5,8.4,
repaired,1.0,67.5,8.5,
repaired,1.0,67.5,8.6,
repaired,1.0,67.5,8.7,
repaired,1.0,67.5,8.8,
repaired,1.0,67.5,8.9,
repaired,1.0,67.5,9.0,
repaired,1.0,67.5,9.1,
repaired,1.0,67.5,9.2,
repaired,1.0,67.5,9.3,
repaired,1.0,67.5,9.4,
repaired,1.0,67.5,9.5,
repaired,1.0,67.5,9.6,
repaired,1.0,67.5,9.7,
repaired,1.0,67.5,9.8,
repaired,1.0,67.5,9.9,
repaired,1.0,67.5,10.0,
repaired,1.2,80.9,0.1,0.3754
repaired,1.2,80.9,0.2,0.4476
repaired,1.2,80.9,0.3,0.8783
repaired,1.2,80.9,0.4,0.5329
repaired,1.2,80.9,0.5,0.4917
repaired,1.2,80.9,0.6,0.3302
repaired,1.2,80.9,0.7,0.3255
repaired,1.2,80.9,0.8,0.3775
repaired,1.2,80.9,0.9,0.351
repaired,1.2,80.9,1.0,1.7889
repaired,1.2,80.9,1.1,0.4346
repaired,1.2,80.9,1.2,0.4443
repaired,1.2,80.9,1.3,0.2911
repaired,1.2,80.9,1.4,0.6789
repaired,1.2,80.9,1.5,0.628
repaired,1.2,80.9,1.6,0.2836
repaired,1.2,80.9,1.7,0.3819
repaired,1.2,80.9,1.8,0.4581
repaired,1.2,80.9,1.9,0.4813
repaired,1.2,80.9,2.0,0.5809
repaired,1.2,80.9,2.1,0.5144
repaired,1.2,80.9,2.2,0.3889
repaired,1.2,80.9,2.3,0.6629
repaired,1.2,80.9,2.4,0.5558
repaired,1.2,80.9,2.5,0.3119
repaired,1.2,80.9,2.6,0.4529
repaired,1.2,80.9,2.7,0.2721
repaired,1.2,80.9,2.8,0.573
repaired,1.2,80.9,2.9,0.314
repaired,1.2,80.9,3.0,0.5642
repaired,1.2,80.9,3.1,0.3118
repaired,1.2,80.9,3.2,0.3666
repaired,1.2,80.9,3.3,0.2397
repaired,1.2,80.9,3.4,0.2287
repaired,1.2,80.9,3.5,0.5439
repaired,1.2,80.9,3.6,0.237
repaired,1.2,80.9,3.7,0.1472
repaired,1.2,80.9,3.8,0.498
repaired,1.2,80.9,3.9,0.2688
repaired,1.2,80.9,4.0,
repaired,1.2,80.9,4.1,
repaired,1.2,80.9,4.2,
repaired,1.2,80.9,4.3,
repaired,1.2,80.9,4.4,
repaired,1.2,80.9,4.5,
repaired,1.2,80.9,4.6,
repaired,1.2,80.9,4.7,
repaired,1.2,80.9,4.8,
repaired,1.2,80.9,4.9,
repaired,1.2,80.9,5.0,
repaired,1.2,80.9,5.1,
repaired,1.2,80.9,5.2,
repaired,1.2,80.9,5.3,
repaired,1.2,80.9,5.4,
repaired,1.2,80.9,5.5,
repaired,1.2,80.9,5.6,
repaired,1.2,80.9,5.7,
repaired,1.2,80.9,5.8,
repaired,1.2,80.9,5.9,
repaired,1.2,80.9,6.0,
repaired,1.2,80.9,6.1,
repaired,1.2,80.9,6.2,
repaired,1.2,80.9,6.3,
repaired,1.2,80.9,6.4,
repaired,1.2,80.9,6.5,
repaired,1.2,80.9,6.6,
repaired,1.2,80.9,6.7,
repaired,1.2,80.9,6.8,
repaired,1.2,80.9,6.9,
repaired,1.2,80.9,7.0,
repaired,1.2,80.9,7.1,
repaired,1.2,80.9,7.2,
repaired,1.2,80.9,7.3,
repaired,1.2,80.9,7.4,
repaired,1.2,80.9,7.5,
repaired,1.2,80.9,7.6,
repaired,1.2,80.9,7.7,
repaired,1.2,80.9,7.8,
repaired,1.2,80.9,7.9,
repaired,1.2,80.9,8.0,
repaired,1.2,80.9,8.1,
repaired,1.2,80.9,8.2,
repaired,1.2,80.9,8.3,
repaired,1.2,80.9,8.4,
repaired,1.2,80.9,8.5,
repaired,1.2,80.9,8.6,
repaired,1.2,80.9,8.7,
repaired,1.2,80.9,8.8,
repaired,1.2,80.9,8.9,
repaired,1.2,80.9,9.0,
repaired,1.2,80.9,9.1,
repaired,1.2,80.9,9.2,
repaired,1.2,80.9,9.3,
repaired,1.2,80.9,9.4,
repaired,1.2,80.9,9.5,
repaired,1.2,80.9,9.6,
repaired,1.2,80.9,9.7,
repaired,1.2,80.9,9.8,
repaired,1.2,80.9,9.9,
repaired,1.2,80.9,10.0,
repaired,1.4,94.2,0.1,0.6519
repaired,1.4,94.2,0.2,0.8048
repaired,1.4,94.2,0.3,0.7085
repaired,1.4,94.2,0.4,0.611
repaired,1.4,94.2,0.5,0.8015
repaired,1.4,94.2,0.6,0.9229
repaired,1.4,94.2,0.7,0.5757
repaired,1.4,94.2,0.8,0.5235
repaired,1.4,94.2,0.9,0.5702
repaired,1.4,94.2,1.0,1.3719
repaired,1.4,94.2,1.1,0.6801
repaired,1.4,94.2,1.2,0.7511
repaired,1.4,94.2,1.3,0.7236
repaired,1.4,94.2,1.4,0.6339
repaired,1.4,94.2,1.5,0.3981
repaired,1.4,94.2,1.6,0.5558
repaired,1.4,94.2,1.7,0.4063
repaired,1.4,94.2,1.8,0.4833
repaired,1.4,94.2,1.9,0.5759
repaired,1.4,94.2,2.0,0.4689
repaired,1.4,94.2,2.1,0.6543
repaired,1.4,94.2,2.2,0.4661
repaired,1.4,94.2,2.3,0.4572
repaired,1.4,94.2,2.4,0.6014
repaired,1.4,94.2,2.5,0.4703
repaired,1.4,94.2,2.6,0.4969
repaired,1.4,94.2,2.7,0.4021
repaired,1.4,94.2,2.8,0.2412
repaired,1.4,94.2,2.9,0.4957
repaired,1.4,94.2,3.0,0.4848
repaired,1.4,94.2,3.1,0.4602
repaired,1.4,94.2,3.2,0.4383
repaired,1.4,94.2,3.3,0.4096
repaired,1.4,94.2,3.4,
repaired,1.4,94.2,3.5,
repaired,1.4,94.2,3.6,
repaired,1.4,94.2,3.7,
repaired,1.4,94.2,3.8,
repaired,1.4,94.2,3.9,
repaired,1.4,94.2,4.0,
repaired,1.4,94.2,4.1,
repaired,1.4,94.2,4.2,
repaired,1.4,94.2,4.3,
repaired,1.4,94.2,4.4,
repaired,1.4,94.2,4.5,
repaired,1.4,94.2,4.6,
repaired,1.4,94.2,4.7,
repaired,1.4,94.2,4.8,
repaired,1.4,94.2,4.9,
repaired,1.4,94.2,5.0,
repaired,1.4,94.2,5.1,
repaired,1.4,94.2,5.2,
repaired,1.4,94.2,5.3,
repaired,1.4,94.2,5.4,
repaired,1.4,94.2,5.5,
repaired,1.4,94.2,5.6,
repaired,1.4,94.2,5.7,
repaired,1.4,94.2,5.8,
repaired,1.4,94.2,5.9,
repaired,1.4,94.2,6.0,
repaired,1.4,94.2,6.1,
repaired,1.4,94.2,6.2,
repaired,1.4,94.2,6.3,
repaired,1.4,94.2,6.4,
repaired,1.4,94.2,6.5,
repaired,1.4,94.2,6.6,
repaired,1.4,94.2,6.7,
repaired,1.4,94.2,6.8,
repaired,1.4,94.2,6.9,
repaired,1.4,94.2,7.0,
repaired,1.4,94.2,7.1,
repaired,1.4,94.2,7.2,
repaired,1.4,94.2,7.3,
repaired,1.4,94.2,7.4,
repaired,1.4,94.2,7.5,
repaired,1.4,94.2,7.6,
repaired,1.4,94.2,7.7,
repaired,1.4,94.2,7.8,
repaired,1.4,94.2,7.9,
repaired,1.4,94.2,8.0,
repaired,1.4,94.2,8.1,
repaired,1.4,94.2,8.2,
repaired,1.4,94.2,8.3,
repaired,1.4,94.2,8.4,
repaired,1.4,94.2,8.5,
repaired,1.4,94.2,8.6,
repaired,1.4,94.2,8.7,
repaired,1.4,94.2,8.8,
repaired,1.4,94.2,8.9,
repaired,1.4,94.2,9.0,
repaired,1.4,94.2,9.1,
repaired,1.4,94.2,9.2,
repaired,1.4,94.2,9.3,
repaired,1.4,94.2,9.4,
repaired,1.4,94.2,9.5,
repaired,1.4,94.2,9.6,
repaired,1.4,94.2,9.7,
repaired,1.4,94.2,9.8,
repaired,1.4,94.2,9.9,
repaired,1.4,94.2,10.0,
repaired,1.6,106.5,0.1,0.8548
repaired,1.6,106.5,0.2,1.0937
repaired,1.6,106.5,0.3,0.9827
repaired,1.6,106.5,0.4,1.1768
repaired,1.6,106.5,0.5,1.2338
repaired,1.6,106.5,0.6,0.6841
repaired,1.6,106.5,0.7,0.8177
repaired,1.6,106.5,0.8,0.8902
repaired,1.6,106.5,0.9,0.9279
repaired,1.6,106.5,1.0,2.1691
repaired,1.6,106.5,1.1,0.9835
repaired,1.6,106.5,1.2,0.6437
repaired,1.6,106.5,1.3,1.0452
repaired,1.6,106.5,1.4,0.6316
repaired,1.6,106.5,1.5,0.6745
repaired,1.6,106.5,1.6,0.5917
repaired,1.6,106.5,1.7,0.7088
repaired,1.6,106.5,1.8,1.0981
repaired,1.6,106.5,1.9,0.9986
repaired,1.6,106.5,2.0,0.5362
repaired,1.6,106.5,2.1,0.604
repaired,1.6,106.5,2.2,0.8836
repaired,1.6,106.5,2.3,0.6792
repaired,1.6,106.5,2.4,0.5157
repaired,1.6,106.5,2.5,0.4621
repaired,1.6,106.5,2.6,0.3185
repaired,1.6,106.5,2.7,0.4552
repaired,1.6,106.5,2.8,0.6608
repaired,1.6,106.5,2.9,0.6817
repaired,1.6,106.5,3.0,
repaired,1.6,106.5,3.1,
repaired,1.6,106.5,3.2,
repaired,1.6,106.5,3.3,
repaired,1.6,106.5,3.4,
repaired,1.6,106.5,3.5,
repaired,1.6,106.5,3.6,
repaired,1.6,106.5,3.7,
repaired,1.6,106.5,3.8,
repaired,1.6,106.5,3.9,
repaired,1.6,106.5,4.0,
repaired,1.6,106.5,4.1,
repaired,1.6,106.5,4.2,
repaired,1.6,106.5,4.3,
repaired,1.6,106.5,4.4,
repaired,1.6,106.5,4.5,
repaired,1.6,106.5,4.6,
repaired,1.6,106.5,4.7,
repaired,1.6,106.5,4.8,
repaired,1.6,106.5,4.9,
repaired,1.6,106.5,5.0,
repaired,1.6,106.5,5.1,
repaired,1.6,106.5,5.2,
repaired,1.6,106.5,5.3,
repaired,1.6,106.5,5.4,
repaired,1.6,106.5,5.5,
repaired,1.6,106.5,5.6,
repaired,1.6,106.5,5.7,
repaired,1.6,106.5,5.8,
repaired,1.6,106.5,5.9,
repaired,1.6,106.5,6.0,
repaired,1.6,106.5,6.1,
repaired,1.6,106.5,6.2,
repaired,1.6,106.5,6.3,
repaired,1.6,106.5,6.4,
repaired,1.6,106.5,6.5,
repaired,1.6,106.5,6.6,
repaired,1.6,106.5,6.7,
repaired,1.6,106.5,6.8,
repaired,1.6,106.5,6.9,
repaired,1.6,106.5,7.0,
repaired,1.6,106.5,7.1,
repaired,1.6,106.5,7.2,
repaired,1.6,106.5,7.3,
repaired,1.6,106.5,7.4,
repaired,1.6,106.5,7.5,
repaired,1.6,106.5,7.6,
repaired,1.6,106.5,7.7,
repaired,1.6,106.5,7.8,
repaired,1.6,106.5,7.9,
repaired,1.6,106.5,8.0,
repaired,1.6,106.5,8.1,
repaired,1.6,106.5,8.2,
repaired,1.6,106.5,8.3,
repaired,1.6,106.5,8.4,
repaired,1.6,106.5,8.5,
repaired,1.6,106.5,8.6,
repaired,1.6,106.5,8.7,
repaired,1.6,106.5,8.8,
repaired,1.6,106.5,8.9,
repaired,1.6,106.5,9.0,
repaired,1.6,106.5,9.1,
repaired,1.6,106.5,9.2,
repaired,1.6,106.5,9.3,
repaired,1.6,106.5,9.4,
repaired,1.6,106.5,9.5,
repaired,1.6,106.5,9.6,
repaired,1.6,106.5,9.7,
repaired,1.6,106.5,9.8,
repaired,1.6,106.5,9.9,
repaired,1.6,106.5,10.0,
newgear,0.2,13.6,0.1,0.0181
newgear,0.2,13.6,0.2,0.0336
newgear,0.2,13.6,0.3,0.0838
newgear,0.2,13.6,0.4,0.0729
newgear,0.2,13.6,0.5,0.0501
newgear,0.2,13.6,0.6,0.0558
newgear,0.2,13.6,0.7,0.0437
newgear,0.2,13.6,0.8,0.0285
newgear,0.2,13.6,0.9,0.0806
newgear,0.2,13.6,1.0,0.0894
newgear,0.2,13.6,1.1,0.0186
newgear,0.2,13.6,1.2,0.0467
newgear,0.2,13.6,1.3,0.0816
newgear,0.2,13.6,1.4,0.0792
newgear,0.2,13.6,1.5,0.0488
newgear,0.2,13.6,1.6,0.0054
newgear,0.2,13.6,1.7,0.032
newgear,0.2,13.6,1.8,0.0264
newgear,0.2,13.6,1.9,0.039
newgear,0.2,13.6,2.0,0.0235
newgear,0.2,13.6,2.1,0.017
newgear,0.2,13.6,2.2,0.0259
newgear,0.2,13.6,2.3,0.0182
newgear,0.2,13.6,2.4,0.0363
newgear,0.2,13.6,2.5,0.0267
newgear,0.2,13.6,2.6,0.0198
newgear,0.2,13.6,2.7,0.057
newgear,0.2,13.6,2.8,
newgear,0.2,13.6,2.9,0.0406
newgear,0.2,13.6,3.0,0.0558
newgear,0.2,13.6,3.1,0.0591
newgear,0.2,13.6,3.2,0.0434
newgear,0.2,13.6,3.3,0.0193
newgear,0.2,13.6,3.4,0.0146
newgear,0.2,13.6,3.5,0.0269
newgear,0.2,13.6,3.6,0.0262
newgear,0.2,13.6,3.7,0.0209
newgear,0.2,13.6,3.8,0.0426
newgear,0.2,13.6,3.9,0.0472
newgear,0.2,13.6,4.0,0.0438
newgear,0.2,13.6,4.1,0.0317
newgear,0.2,13.6,4.2,0.0463
newgear,0.2,13.6,4.3,0.0373
newgear,0.2,13.6,4.4,0.0452
newgear,0.2,13.6,4.5,0.0678
newgear,0.2,13.6,4.6,0.0564
newgear,0.2,13.6,4.7,0.0344
newgear,0.2,13.6,4.8,0.0269
newgear,0.2,13.6,4.9,0.017
newgear,0.2,13.6,5.0,0.0139
newgear,0.2,13.6,5.1,0.0234
newgear,0.2,13.6,5.2,0.0313
newgear,0.2,13.6,5.3,0.0526
newgear,0.2,13.6,5.4,0.0645
newgear,0.2,13.6,5.5,0.0714
newgear,0.2,13.6,5.6,0.0676
newgear,0.2,13.6,5.7,0.0373
newgear,0.2,13.6,5.8,0.0163
newgear,0.2,13.6,5.9,0.0155
newgear,0.2,13.6,6.0,0.0165
newgear,0.2,13.6,6.1,0.0227
newgear,0.2,13.6,6.2,0.0211
newgear,0.2,13.6,6.3,0.0091
newgear,0.2,13.6,6.4,0.0439
newgear,0.2,13.6,6.5,0.0525
newgear,0.2,13.6,6.6,0.0625
newgear,0.2,13.6,6.7,0.0449
newgear,0.2,13.6,6.8,0.0071
newgear,0.2,13.6,6.9,0.0071
newgear,0.2,13.6,7.0,0.0294
newgear,0.2,13.6,7.1,0.0179
newgear,0.2,13.6,7.2,0.0176
newgear,0.2,13.6,7.3,0.0315
newgear,0.2,13.6,7.4,0.0433
newgear,0.2,13.6,7.5,0.0341
newgear,0.2,13.6,7.6,0.0302
newgear,0.2,13.6,7.7,0.0238
newgear,0.2,13.6,7.8,0.0237
newgear,0.2,13.6,7.9,0.0086
newgear,0.2,13.6,8.0,0.024
newgear,0.2,13.6,8.1,0.0051
newgear,0.2,13.6,8.2,0.0318
newgear,0.2,13.6,8.3,0.0245
newgear,0.2,13.6,8.4,
newgear,0.2,13.6,8.5,0.0546
newgear,0.2,13.6,8.6,0.0554
newgear,0.2,13.6,8.7,0.0414
newgear,0.2,13.6,8.8,0.0305
newgear,0.2,13.6,8.9,0.0339
newgear,0.2,13.6,9.0,0.0514
newgear,0.2,13.6,9.1,0.0473
newgear,0.2,13.6,9.2,0.0194
newgear,0.2,13.6,9.3,0.0084
newgear,0.2,13.6,9.4,0.0121
newgear,0.2,13.6,9.5,0.0306
newgear,0.2,13.6,9.6,0.0457
newgear,0.2,13.6,9.7,0.0399
newgear,0.2,13.6,9.8,0.036
newgear,0.2,13.6,9.9,0.0194
newgear,0.2,13.6,10.0,0.0339
newgear,0.4,26.9,0.1,0.0626
newgear,0.4,26.9,0.2,0.1831
newgear,0.4,26.9,0.3,0.1216
newgear,0.4,26.9,0.4,0.1977
newgear,0.4,26.9,0.5,0.1068
newgear,0.4,26.9,0.6,0.1595
newgear,0.4,26.9,0.7,0.1195
newgear,0.4,26.9,0.8,0.1339
newgear,0.4,26.9,0.9,0.2778
newgear,0.4,26.9,1.0,0.7164
newgear,0.4,26.9,1.1,0.2308
newgear,0.4,26.9,1.2,0.0944
newgear,0.4,26.9,1.3,0.1457
newgear,0.4,26.9,1.4,0.1103
newgear,0.4,26.9,1.5,0.1394
newgear,0.4,26.9,1.6,0.1128
newgear,0.4,26.9,1.7,0.0748
newgear,0.4,26.9,1.8,0.0522
newgear,0.4,26.9,1.9,0.3093
newgear,0.4,26.9,2.0,0.3949
newgear,0.4,26.9,2.1,0.1989
newgear,0.4,26.9,2.2,0.0396
newgear,0.4,26.9,2.3,0.1081
newgear,0.4,26.9,2.4,0.0895
newgear,0.4,26.9,2.5,0.0522
newgear,0.4,26.9,2.6,0.0783
newgear,0.4,26.9,2.7,0.1716
newgear,0.4,26.9,2.8,0.1164
newgear,0.4,26.9,2.9,0.2008
newgear,0.4,26.9,3.0,0.3952
newgear,0.4,26.9,3.1,0.133
newgear,0.4,26.9,3.2,0.0537
newgear,0.4,26.9,3.3,0.0821
newgear,0.4,26.9,3.4,0.0704
newgear,0.4,26.9,3.5,0.08
newgear,0.4,26.9,3.6,0.1038
newgear,0.4,26.9,3.7,0.0521
newgear,0.4,26.9,3.8,0.0505
newgear,0.4,26.9,3.9,0.1801
newgear,0.4,26.9,4.0,0.2115
newgear,0.4,26.9,4.1,0.1239
newgear,0.4,26.9,4.2,0.082
newgear,0.4,26.9,4.3,0.1418
newgear,0.4,26.9,4.4,0.0996
newgear,0.4,26.9,4.5,0.0615
newgear,0.4,26.9,4.6,0.1321
newgear,0.4,26.9,4.7,0.0612
newgear,0.4,26.9,4.8,0.1427
newgear,0.4,26.9,4.9,0.5901
newgear,0.4,26.9,5.0,0.5977
newgear,0.4,26.9,5.1,0.0904
newgear,0.4,26.9,5.2,0.0707
newgear,0.4,26.9,5.3,0.0549
newgear,0.4,26.9,5.4,0.0259
newgear,0.4,26.9,5.5,0.0798
newgear,0.4,26.9,5.6,0.0614
newgear,0.4,26.9,5.7,0.0638
newgear,0.4,26.9,5.8,0.0719
newgear,0.4,26.9,5.9,0.2846
newgear,0.4,26.9,6.0,0.2752
newgear,0.4,26.9,6.1,0.1631
newgear,0.4,26.9,6.2,0.0497
newgear,0.4,26.9,6.3,0.1301
newgear,0.4,26.9,6.4,0.2335
newgear,0.4,26.9,6.5,0.0664
newgear,0.4,26.9,6.6,0.0243
newgear,0.4,26.9,6.7,0.0729
newgear,0.4,26.9,6.8,0.1344
newgear,0.4,26.9,6.9,0.2938
newgear,0.4,26.9,7.0,0.3325
newgear,0.4,26.9,7.1,0.1321
newgear,0.4,26.9,7.2,0.1779
newgear,0.4,26.9,7.3,0.1004
newgear,0.4,26.9,7.4,0.2226
newgear,0.4,26.9,7.5,0.1172
newgear,0.4,26.9,7.6,0.1322
newgear,0.4,26.9,7.7,0.052
newgear,0.4,26.9,7.8,0.0868
newgear,0.4,26.9,7.9,0.1636
newgear,0.4,26.9,8.0,0.068
newgear,0.4,26.9,8.1,0.0686
newgear,0.4,26.9,8.2,0.1033
newgear,0.4,26.9,8.3,0.1297
newgear,0.4,26.9,8.4,0.2482
newgear,0.4,26.9,8.5,0.1112
newgear,0.4,26.9,8.6,0.1167
newgear,0.4,26.9,8.7,0.206
newgear,0.4,26.9,8.8,0.1438
newgear,0.4,26.9,8.9,0.4592
newgear,0.4,26.9,9.0,0.3225
newgear,0.4,26.9,9.1,0.2202
newgear,0.4,26.9,9.2,0.1069
newgear,0.4,26.9,9.3,0.3418
newgear,0.4,26.9,9.4,0.6291
newgear,0.4,26.9,9.5,0.1942
newgear,0.4,26.9,9.6,0.0814
newgear,0.4,26.9,9.7,0.1325
newgear,0.4,26.9,9.8,0.1062
newgear,0.4,26.9,9.9,0.058
newgear,0.4,26.9,10.0,0.0675
newgear,0.6,40.4,0.1,0.194
newgear,0.6,40.4,0.2,0.2497
newgear,0.6,40.4,0.3,0.1942
newgear,0.6,40.4,0.4,0.1889
newgear,0.6,40.4,0.5,0.0496
newgear,0.6,40.4,0.6,0.1143
newgear,0.6,40.4,0.7,0.1498
newgear,0.6,40.4,0.8,0.146
newgear,0.6,40.4,0.9,0.3182
newgear,0.6,40.4,1.0,1.6105
newgear,0.6,40.4,1.1,0.0743
newgear,0.6,40.4,1.2,0.182
newgear,0.6,40.4,1.3,0.1464
newgear,0.6,40.4,1.4,0.2088
newgear,0.6,40.4,1.5,0.1746
newgear,0.6,40.4,1.6,0.1793
newgear,0.6,40.4,1.7,0.0724
newgear,0.6,40.4,1.8,0.1569
newgear,0.6,40.4,1.9,0.1156
newgear,0.6,40.4,2.0,0.7761
newgear,0.6,40.4,2.1,0.1925
newgear,0.6,40.4,2.2,0.1714
newgear,0.6,40.4,2.3,0.1631
newgear,0.6,40.4,2.4,0.1417
newgear,0.6,40.4,2.5,0.2069
newgear,0.6,40.4,2.6,0.2356
newgear,0.6,40.4,2.7,0.2648
newgear,0.6,40.4,2.8,0.2029
newgear,0.6,40.4,2.9,0.2095
newgear,0.6,40.4,3.0,0.6626
newgear,0.6,40.4,3.1,0.0642
newgear,0.6,40.4,3.2,0.2078
newgear,0.6,40.4,3.3,0.1699
newgear,0.6,40.4,3.4,0.2254
newgear,0.6,40.4,3.5,0.2096
newgear,0.6,40.4,3.6,0.091
newgear,0.6,40.4,3.7,0.194
newgear,0.6,40.4,3.8,0.0407
newgear,0.6,40.4,3.9,0.3445
newgear,0.6,40.4,4.0,0.5691
newgear,0.6,40.4,4.1,0.2464
newgear,0.6,40.4,4.2,0.2442
newgear,0.6,40.4,4.3,0.1906
newgear,0.6,40.4,4.4,0.1098
newgear,0.6,40.4,4.5,0.1791
newgear,0.6,40.4,4.6,0.3618
newgear,0.6,40.4,4.7,0.4453
newgear,0.6,40.4,4.8,0.3229
newgear,0.6,40.4,4.9,0.8069
newgear,0.6,40.4,5.0,0.9609
newgear,0.6,40.4,5.1,0.1238
newgear,0.6,40.4,5.2,0.1983
newgear,0.6,40.4,5.3,0.2672
newgear,0.6,40.4,5.4,0.1152
newgear,0.6,40.4,5.5,0.0845
newgear,0.6,40.4,5.6,0.4184
newgear,0.6,40.4,5.7,0.3585
newgear,0.6,40.4,5.8,0.3152
newgear,0.6,40.4,5.9,0.8135
newgear,0.6,40.4,6.0,0.8238
newgear,0.6,40.4,6.1,0.2089
newgear,0.6,40.4,6.2,0.3605
newgear,0.6,40.4,6.3,0.2791
newgear,0.6,40.4,6.4,0.3544
newgear,0.6,40.4,6.5,0.202
newgear,0.6,40.4,6.6,0.2425
newgear,0.6,40.4,6.7,0.2273
newgear,0.6,40.4,6.8,0.2706
newgear,0.6,40.4,6.9,1.0493
newgear,0.6,40.4,7.0,0.6878
newgear,0.6,40.4,7.1,0.3335
newgear,0.6,40.4,7.2,0.3406
newgear,0.6,40.4,7.3,0.2424
newgear,0.6,40.4,7.4,0.2471
newgear,0.6,40.4,7.5,0.188
newgear,0.6,40.4,7.6,0.1523
newgear,0.6,40.4,7.7,0.3192
newgear,0.6,40.4,7.8,0.1425
newgear,0.6,40.4,7.9,
newgear,0.6,40.4,8.0,
newgear,0.6,40.4,8.1,
newgear,0.6,40.4,8.2,
newgear,0.6,40.4,8.3,
newgear,0.6,40.4,8.4,
newgear,0.6,40.4,8.5,
newgear,0.6,40.4,8.6,
newgear,0.6,40.4,8.7,
newgear,0.6,40.4,8.8,
newgear,0.6,40.4,8.9,
newgear,0.6,40.4,9.0,
newgear,0.6,40.4,9.1,
newgear,0.6,40.4,9.2,
newgear,0.6,40.4,9.3,
newgear,0.6,40.4,9.4,
newgear,0.6,40.4,9.5,
newgear,0.6,40.4,9.6,
newgear,0.6,40.4,9.7,
newgear,0.6,40.4,9.8,
newgear,0.6,40.4,9.9,
newgear,0.6,40.4,10.0,
newgear,0.8,53.9,0.1,0.1412
newgear,0.8,53.9,0.2,0.1883
newgear,0.8,53.9,0.3,0.273
newgear,0.8,53.9,0.4,0.2093
newgear,0.8,53.9,0.5,0.167
newgear,0.8,53.9,0.6,0.1836
newgear,0.8,53.9,0.7,0.1752
newgear,0.8,53.9,0.8,0.2814
newgear,0.8,53.9,0.9,0.1789
newgear,0.8,53.9,1.0,0.6376
newgear,0.8,53.9,1.1,0.3113
newgear,0.8,53.9,1.2,0.1049
newgear,0.8,53.9,1.3,0.2352
newgear,0.8,53.9,1.4,0.1214
newgear,0.8,53.9,1.5,0.2338
newgear,0.8,53.9,1.6,0.1809
newgear,0.8,53.9,1.7,0.1992
newgear,0.8,53.9,1.8,0.2116
newgear,0.8,53.9,1.9,0.2374
newgear,0.8,53.9,2.0,0.3278
newgear,0.8,53.9,2.1,0.1012
newgear,0.8,53.9,2.2,0.253
newgear,0.8,53.9,2.3,0.223
newgear,0.8,53.9,2.4,0.134
newgear,0.8,53.9,2.5,0.0703
newgear,0.8,53.9,2.6,0.1203
newgear,0.8,53.9,2.7,0.1513
newgear,0.8,53.9,2.8,0.213
newgear,0.8,53.9,2.9,0.1894
newgear,0.8,53.9,3.0,0.335
newgear,0.8,53.9,3.1,0.1389
newgear,0.8,53.9,3.2,0.175
newgear,0.8,53.9,3.3,0.1194
newgear,0.8,53.9,3.4,0.1479
newgear,0.8,53.9,3.5,0.1017
newgear,0.8,53.9,3.6,0.1219
newgear,0.8,53.9,3.7,0.1292
newgear,0.8,53.9,3.8,0.1027
newgear,0.8,53.9,3.9,0.2013
newgear,0.8,53.9,4.0,0.3181
newgear,0.8,53.9,4.1,0.1554
newgear,0.8,53.9,4.2,0.2027
newgear,0.8,53.9,4.3,0.1101
newgear,0.8,53.9,4.4,0.1157
newgear,0.8,53.9,4.5,0.1355
newgear,0.8,53.9,4.6,0.125
newgear,0.8,53.9,4.7,0.3048
newgear,0.8,53.9,4.8,0.1314
newgear,0.8,53.9,4.9,0.1084
newgear,0.8,53.9,5.0,0.1715
newgear,0.8,53.9,5.1,0.1838
newgear,0.8,53.9,5.2,0.1252
newgear,0.8,53.9,5.3,0.1323
newgear,0.8,53.9,5.4,0.144
newgear,0.8,53.9,5.5,0.1528
newgear,0.8,53.9,5.6,0.1739
newgear,0.8,53.9,5.7,0.2692
newgear,0.8,53.9,5.8,0.1773
newgear,0.8,53.9,5.9,
newgear,0.8,53.9,6.0,
newgear,0.8,53.9,6.1,
newgear,0.8,53.9,6.2,
newgear,0.8,53.9,6.3,
newgear,0.8,53.9,6.4,
newgear,0.8,53.9,6.5,
newgear,0.8,53.9,6.6,
newgear,0.8,53.9,6.7,
newgear,0.8,53.9,6.8,
newgear,0.8,53.9,6.9,
newgear,0.8,53.9,7.0,
newgear,0.8,53.9,7.1,
newgear,0.8,53.9,7.2,
newgear,0.8,53.9,7.3,
newgear,0.8,53.9,7.4,
newgear,0.8,53.9,7.5,
newgear,0.8,53.9,7.6,
newgear,0.8,53.9,7.7,
newgear,0.8,53.9,7.8,
newgear,0.8,53.9,7.9,
newgear,0.8,53.9,8.0,
newgear,0.8,53.9,8.1,
newgear,0.8,53.9,8.2,
newgear,0.8,53.9,8.3,
newgear,0.8,53.9,8.4,
newgear,0.8,53.9,8.5,
newgear,0.8,53.9,8.6,
newgear,0.8,53.9,8.7,
newgear,0.8,53.9,8.8,
newgear,0.8,53.9,8.9,
newgear,0.8,53.9,9.0,
newgear,0.8,53.9,9.1,
newgear,0.8,53.9,9.2,
newgear,0.8,53.9,9.3,
newgear,0.8,53.9,9.4,
newgear,0.8,53.9,9.5,
newgear,0.8,53.9,9.6,
newgear,0.8,53.9,9.7,
newgear,0.8,53.9,9.8,
newgear,0.8,53.9,9.9,
newgear,0.8,53.9,10.0,
newgear,1.0,67.6,0.1,0.3132
newgear,1.0,67.6,0.2,0.115
newgear,1.0,67.6,0.3,0.299
newgear,1.0,67.6,0.4,0.1278
newgear,1.0,67.6,0.5,0.2625
newgear,1.0,67.6,0.6,0.3396
newgear,1.0,67.6,0.7,0.2823
newgear,1.0,67.6,0.8,0.2831
newgear,1.0,67.6,0.9,0.2898
newgear,1.0,67.6,1.0,0.4733
newgear,1.0,67.6,1.1,0.185
newgear,1.0,67.6,1.2,0.2192
newgear,1.0,67.6,1.3,0.3663
newgear,1.0,67.6,1.4,0.2129
newgear,1.0,67.6,1.5,0.4408
newgear,1.0,67.6,1.6,0.4383
newgear,1.0,67.6,1.7,0.2205
newgear,1.0,67.6,1.8,0.2072
newgear,1.0,67.6,1.9,0.3225
newgear,1.0,67.6,2.0,0.4127
newgear,1.0,67.6,2.1,0.1412
newgear,1.0,67.6,2.2,0.1967
newgear,1.0,67.6,2.3,0.1531
newgear,1.0,67.6,2.4,0.3042
newgear,1.0,67.6,2.5,0.1564
newgear,1.0,67.6,2.6,0.1788
newgear,1.0,67.6,2.7,0.2982
newgear,1.0,67.6,2.8,0.1606
newgear,1.0,67.6,2.9,0.2626
newgear,1.0,67.6,3.0,0.2718
newgear,1.0,67.6,3.1,0.1566
newgear,1.0,67.6,3.2,0.0851
newgear,1.0,67.6,3.3,0.2461
newgear,1.0,67.6,3.4,0.2206
newgear,1.0,67.6,3.5,0.202
newgear,1.0,67.6,3.6,0.2909
newgear,1.0,67.6,3.7,0.1594
newgear,1.0,67.6,3.8,0.1102
newgear,1.0,67.6,3.9,0.2053
newgear,1.0,67.6,4.0,0.1584
newgear,1.0,67.6,4.1,0.2137
newgear,1.0,67.6,4.2,0.1983
newgear,1.0,67.6,4.3,0.3106
newgear,1.0,67.6,4.4,0.1921
newgear,1.0,67.6,4.5,0.2197
newgear,1.0,67.6,4.6,0.178
newgear,1.0,67.6,4.7,
newgear,1.0,67.6,4.8,
newgear,1.0,67.6,4.9,
newgear,1.0,67.6,5.0,
newgear,1.0,67.6,5.1,
newgear,1.0,67.6,5.2,
newgear,1.0,67.6,5.3,
newgear,1.0,67.6,5.4,
newgear,1.0,67.6,5.5,
newgear,1.0,67.6,5.6,
newgear,1.0,67.6,5.7,
newgear,1.0,67.6,5.8,
newgear,1.0,67.6,5.9,
newgear,1.0,67.6,6.0,
newgear,1.0,67.6,6.1,
newgear,1.0,67.6,6.2,
newgear,1.0,67.6,6.3,
newgear,1.0,67.6,6.4,
newgear,1.0,67.6,6.5,
newgear,1.0,67.6,6.6,
newgear,1.0,67.6,6.7,
newgear,1.0,67.6,6.8,
newgear,1.0,67.6,6.9,
newgear,1.0,67.6,7.0,
newgear,1.0,67.6,7.1,
newgear,1.0,67.6,7.2,
newgear,1.0,67.6,7.3,
newgear,1.0,67.6,7.4,
newgear,1.0,67.6,7.5,
newgear,1.0,67.6,7.6,
newgear,1.0,67.6,7.7,
newgear,1.0,67.6,7.8,
newgear,1.0,67.6,7.9,
newgear,1.0,67.6,8.0,
newgear,1.0,67.6,8.1,
newgear,1.0,67.6,8.2,
newgear,1.0,67.6,8.3,
newgear,1.0,67.6,8.4,
newgear,1.0,67.6,8.5,
newgear,1.0,67.6,8.6,
newgear,1.0,67.6,8.7,
newgear,1.0,67.6,8.8,
newgear,1.0,67.6,8.9,
newgear,1.0,67.6,9.0,
newgear,1.0,67.6,9.1,
newgear,1.0,67.6,9.2,
newgear,1.0,67.6,9.3,
newgear,1.0,67.6,9.4,
newgear,1.0,67.6,9.5,
newgear,1.0,67.6,9.6,
newgear,1.0,67.6,9.7,
newgear,1.0,67.6,9.8,
newgear,1.0,67.6,9.9,
newgear,1.0,67.6,10.0,
newgear,1.2,81.3,0.1,0.7741
newgear,1.2,81.3,0.2,0.4227
newgear,1.2,81.3,0.3,0.5853
newgear,1.2,81.3,0.4,0.4766
newgear,1.2,81.3,0.5,0.5821
newgear,1.2,81.3,0.6,0.6159
newgear,1.2,81.3,0.7,0.6811
newgear,1.2,81.3,0.8,0.3575
newgear,1.2,81.3,0.9,0.5464
newgear,1.2,81.3,1.0,0.5409
newgear,1.2,81.3,1.1,0.5599
newgear,1.2,81.3,1.2,0.5737
newgear,1.2,81.3,1.3,0.466
newgear,1.2,81.3,1.4,0.6677
newgear,1.2,81.3,1.5,0.2667
newgear,1.2,81.3,1.6,0.3861
newgear,1.2,81.3,1.7,0.2703
newgear,1.2,81.3,1.8,0.3516
newgear,1.2,81.3,1.9,0.3068
newgear,1.2,81.3,2.0,0.4155
newgear,1.2,81.3,2.1,0.2224
newgear,1.2,81.3,2.2,0.5012
newgear,1.2,81.3,2.3,0.3893
newgear,1.2,81.3,2.4,0.3735
newgear,1.2,81.3,2.5,0.2349
newgear,1.2,81.3,2.6,0.1924
newgear,1.2,81.3,2.7,0.2356
newgear,1.2,81.3,2.8,0.3795
newgear,1.2,81.3,2.9,0.1346
newgear,1.2,81.3,3.0,0.3322
newgear,1.2,81.3,3.1,0.4128
newgear,1.2,81.3,3.2,0.2896
newgear,1.2,81.3,3.3,0.1686
newgear,1.2,81.3,3.4,0.2545
newgear,1.2,81.3,3.5,0.2348
newgear,1.2,81.3,3.6,0.2581
newgear,1.2,81.3,3.7,0.2842
newgear,1.2,81.3,3.8,0.2526
newgear,1.2,81.3,3.9,
newgear,1.2,81.3,4.0,
newgear,1.2,81.3,4.1,
newgear,1.2,81.3,4.2,
newgear,1.2,81.3,4.3,
newgear,1.2,81.3,4.4,
newgear,1.2,81.3,4.5,
newgear,1.2,81.3,4.6,
newgear,1.2,81.3,4.7,
newgear,1.2,81.3,4.8,
newgear,1.2,81.3,4.9,
newgear,1.2,81.3,5.0,
newgear,1.2,81.3,5.1,
newgear,1.2,81.3,5.2,
newgear,1.2,81.3,5.3,
newgear,1.2,81.3,5.4,
newgear,1.2,81.3,5.5,
newgear,1.2,81.3,5.6,
newgear,1.2,81.3,5.7,
newgear,1.2,81.3,5.8,
newgear,1.2,81.3,5.9,
newgear,1.2,81.3,6.0,
newgear,1.2,81.3,6.1,
newgear,1.2,81.3,6.2,
newgear,1.2,81.3,6.3,
newgear,1.2,81.3,6.4,
newgear,1.2,81.3,6.5,
newgear,1.2,81.3,6.6,
newgear,1.2,81.3,6.7,
newgear,1.2,81.3,6.8,
newgear,1.2,81.3,6.9,
newgear,1.2,81.3,7.0,
newgear,1.2,81.3,7.1,
newgear,1.2,81.3,7.2,
newgear,1.2,81.3,7.3,
newgear,1.2,81.3,7.4,
newgear,1.2,81.3,7.5,
newgear,1.2,81.3,7.6,
newgear,1.2,81.3,7.7,
newgear,1.2,81.3,7.8,
newgear,1.2,81.3,7.9,
newgear,1.2,81.3,8.0,
newgear,1.2,81.3,8.1,
newgear,1.2,81.3,8.2,
newgear,1.2,81.3,8.3,
newgear,1.2,81.3,8.4,
newgear,1.2,81.3,8.5,
newgear,1.2,81.3,8.6,
newgear,1.2,81.3,8.7,
newgear,1.2,81.3,8.8,
newgear,1.2,81.3,8.9,
newgear,1.2,81.3,9.0,
newgear,1.2,81.3,9.1,
newgear,1.2,81.3,9.2,
newgear,1.2,81.3,9.3,
newgear,1.2,81.3,9.4,
newgear,1.2,81.3,9.5,
newgear,1.2,81.3,9.6,
newgear,1.2,81.3,9.7,
newgear,1.2,81.3,9.8,
newgear,1.2,81.3,9.9,
newgear,1.2,81.3,10.0,
newgear,1.4,94.6,0.1,0.4483
newgear,1.4,94.6,0.2,0.5693
newgear,1.4,94.6,0.3,0.9936
newgear,1.4,94.6,0.4,0.6093
newgear,1.4,94.6,0.5,0.3926
newgear,1.4,94.6,0.6,0.6546
newgear,1.4,94.6,0.7,0.7272
newgear,1.4,94.6,0.8,1.1565
newgear,1.4,94.6,0.9,0.3321
newgear,1.4,94.6,1.0,0.736
newgear,1.4,94.6,1.1,0.3477
newgear,1.4,94.6,1.2,0.5614
newgear,1.4,94.6,1.3,0.394
newgear,1.4,94.6,1.4,0.4284
newgear,1.4,94.6,1.5,0.4781
newgear,1.4,94.6,1.6,0.4547
newgear,1.4,94.6,1.7,0.7373
newgear,1.4,94.6,1.8,0.4544
newgear,1.4,94.6,1.9,0.3113
newgear,1.4,94.6,2.0,0.4328
newgear,1.4,94.6,2.1,0.2032
newgear,1.4,94.6,2.2,0.4458
newgear,1.4,94.6,2.3,0.4904
newgear,1.4,94.6,2.4,0.3822
newgear,1.4,94.6,2.5,0.5652
newgear,1.4,94.6,2.6,0.4287
newgear,1.4,94.6,2.7,0.2882
newgear,1.4,94.6,2.8,0.3066
newgear,1.4,94.6,2.9,0.2296
newgear,1.4,94.6,3.0,0.3319
newgear,1.4,94.6,3.1,0.4822
newgear,1.4,94.6,3.2,0.29
newgear,1.4,94.6,3.3,0.4467
newgear,1.4,94.6,3.4,
newgear,1.4,94.6,3.5,
newgear,1.4,94.6,3.6,
newgear,1.4,94.6,3.7,
newgear,1.4,94.6,3.8,
newgear,1.4,94.6,3.9,
newgear,1.4,94.6,4.0,
newgear,1.4,94.6,4.1,
newgear,1.4,94.6,4.2,
newgear,1.4,94.6,4.3,
newgear,1.4,94.6,4.4,
newgear,1.4,94.6,4.5,
newgear,1.4,94.6,4.6,
newgear,1.4,94.6,4.7,
newgear,1.4,94.6,4.8,
newgear,1.4,94.6,4.9,
newgear,1.4,94.6,5.0,
newgear,1.4,94.6,5.1,
newgear,1.4,94.6,5.2,
newgear,1.4,94.6,5.3,
newgear,1.4,94.6,5.4,
newgear,1.4,94.6,5.5,
newgear,1.4,94.6,5.6,
newgear,1.4,94.6,5.7,
newgear,1.4,94.6,5.8,
newgear,1.4,94.6,5.9,
newgear,1.4,94.6,6.0,
newgear,1.4,94.6,6.1,
newgear,1.4,94.6,6.2,
newgear,1.4,94.6,6.3,
newgear,1.4,94.6,6.4,
newgear,1.4,94.6,6.5,
newgear,1.4,94.6,6.6,
newgear,1.4,94.6,6.7,
newgear,1.4,94.6,6.8,
newgear,1.4,94.6,6.9,
newgear,1.4,94.6,7.0,
newgear,1.4,94.6,7.1,
newgear,1.4,94.6,7.2,
newgear,1.4,94.6,7.3,
newgear,1.4,94.6,7.4,
newgear,1.4,94.6,7.5,
newgear,1.4,94.6,7.6,
newgear,1.4,94.6,7.7,
newgear,1.4,94.6,7.8,
newgear,1.4,94.6,7.9,
newgear,1.4,94.6,8.0,
newgear,1.4,94.6,8.1,
newgear,1.4,94.6,8.2,
newgear,1.4,94.6,8.3,
newgear,1.4,94.6,8.4,
newgear,1.4,94.6,8.5,
newgear,1.4,94.6,8.6,
newgear,1.4,94.6,8.7,
newgear,1.4,94.6,8.8,
newgear,1.4,94.6,8.9,
newgear,1.4,94.6,9.0,
newgear,1.4,94.6,9.1,
newgear,1.4,94.6,9.2,
newgear,1.4,94.6,9.3,
newgear,1.4,94.6,9.4,
newgear,1.4,94.6,9.5,
newgear,1.4,94.6,9.6,
newgear,1.4,94.6,9.7,
newgear,1.4,94.6,9.8,
newgear,1.4,94.6,9.9,
newgear,1.4,94.6,10.0,
newgear,1.6,107.0,0.1,0.9641
newgear,1.6,107.0,0.2,0.9801
newgear,1.6,107.0,0.3,0.8765
newgear,1.6,107.0,0.4,1.0156
newgear,1.6,107.0,0.5,0.8608
newgear,1.6,107.0,0.6,0.8079
newgear,1.6,107.0,0.7,1.0561
newgear,1.6,107.0,0.8,1.0358
newgear,1.6,107.0,0.9,0.6842
newgear,1.6,107.0,1.0,0.9129
newgear,1.6,107.0,1.1,1.0665
newgear,1.6,107.0,1.2,0.5935
newgear,1.6,107.0,1.3,0.6325
newgear,1.6,107.0,1.4,0.5675
newgear,1.6,107.0,1.5,0.604
newgear,1.6,107.0,1.6,0.647
newgear,1.6,107.0,1.7,0.77
newgear,1.6,107.0,1.8,0.642
newgear,1.6,107.0,1.9,0.7459
newgear,1.6,107.0,2.0,0.3603
newgear,1.6,107.0,2.1,0.3165
newgear,1.6,107.0,2.2,0.3442
newgear,1.6,107.0,2.3,0.5521
newgear,1.6,107.0,2.4,0.5111
newgear,1.6,107.0,2.5,0.3346
newgear,1.6,107.0,2.6,0.6576
newgear,1.6,107.0,2.7,0.3329
newgear,1.6,107.0,2.8,0.3225
newgear,1.6,107.0,2.9,0.3465
newgear,1.6,107.0,3.0,
newgear,1.6,107.0,3.1,
newgear,1.6,107.0,3.2,
newgear,1.6,107.0,3.3,
newgear,1.6,107.0,3.4,
newgear,1.6,107.0,3.5,
newgear,1.6,107.0,3.6,
newgear,1.6,107.0,3.7,
newgear,1.6,107.0,3.8,
newgear,1.6,107.0,3.9,
newgear,1.6,107.0,4.0,
newgear,1.6,107.0,4.1,
newgear,1.6,107.0,4.2,
newgear,1.6,107.0,4.3,
newgear,1.6,107.0,4.4,
newgear,1.6,107.0,4.5,
newgear,1.6,107.0,4.6,
newgear,1.6,107.0,4.7,
newgear,1.6,107.0,4.8,
newgear,1.6,107.0,4.9,
newgear,1.6,107.0,5.0,
newgear,1.6,107.0,5.1,
newgear,1.6,107.0,5.2,
newgear,1.6,107.0,5.3,
newgear,1.6,107.0,5.4,
newgear,1.6,107.0,5.5,
newgear,1.6,107.0,5.6,
newgear,1.6,107.0,5.7,
newgear,1.6,107.0,5.8,
newgear,1.6,107.0,5.9,
newgear,1.6,107.0,6.0,
newgear,1.6,107.0,6.1,
newgear,1.6,107.0,6.2,
newgear,1.6,107.0,6.3,
newgear,1.6,107.0,6.4,
newgear,1.6,107.0,6.5,
newgear,1.6,107.0,6.6,
newgear,1.6,107.0,6.7,
newgear,1.6,107.0,6.8,
newgear,1.6,107.0,6.9,
newgear,1.6,107.0,7.0,
newgear,1.6,107.0,7.1,
newgear,1.6,107.0,7.2,
newgear,1.6,107.0,7.3,
newgear,1.6,107.0,7.4,
newgear,1.6,107.0,7.5,
newgear,1.6,107.0,7.6,
newgear,1.6,107.0,7.7,
newgear,1.6,107.0,7.8,
newgear,1.6,107.0,7.9,
newgear,1.6,107.0,8.0,
newgear,1.6,107.0,8.1,
newgear,1.6,107.0,8.2,
newgear,1.6,107.0,8.3,
newgear,1.6,107.0,8.4,
newgear,1.6,107.0,8.5,
newgear,1.6,107.0,8.6,
newgear,1.6,107.0,8.7,
newgear,1.6,107.0,8.8,
newgear,1.6,107.0,8.9,
newgear,1.6,107.0,9.0,
newgear,1.6,107.0,9.1,
newgear,1.6,107.0,9.2,
newgear,1.6,107.0,9.3,
newgear,1.6,107.0,9.4,
newgear,1.6,107.0,9.5,
newgear,1.6,107.0,9.6,
newgear,1.6,107.0,9.7,
newgear,1.6,107.0,9.8,
newgear,1.6,107.0,9.9,
newgear,1.6,107.0,10.0,
newgear_nowheels,0.2,13.6,0.1,0.031
newgear_nowheels,0.2,13.6,0.2,0.0183
newgear_nowheels,0.2,13.6,0.3,0.015
newgear_nowheels,0.2,13.6,0.4,0.0068
newgear_nowheels,0.2,13.6,0.5,0.0231
newgear_nowheels,0.2,13.6,0.6,0.025
newgear_nowheels,0.2,13.6,0.7,0.0208
newgear_nowheels,0.2,13.6,0.8,0.0433
newgear_nowheels,0.2,13.6,0.9,0.0403
newgear_nowheels,0.2,13.6,1.0,0.0293
newgear_nowheels,0.2,13.6,1.1,0.0097
newgear_nowheels,0.2,13.6,1.2,0.0209
newgear_nowheels,0.2,13.6,1.3,0.0359
newgear_nowheels,0.2,13.6,1.4,0.0278
newgear_nowheels,0.2,13.6,1.5,0.0116
newgear_nowheels,0.2,13.6,1.6,0.0083
newgear_nowheels,0.2,13.6,1.7,0.0245
newgear_nowheels,0.2,13.6,1.8,0.0226
newgear_nowheels,0.2,13.6,1.9,0.0113
newgear_nowheels,0.2,13.6,2.0,0.0251
newgear_nowheels,0.2,13.6,2.1,0.0182
newgear_nowheels,0.2,13.6,2.2,0.0044
newgear_nowheels,0.2,13.6,2.3,0.0207
newgear_nowheels,0.2,13.6,2.4,0.0261
newgear_nowheels,0.2,13.6,2.5,0.0155
newgear_nowheels,0.2,13.6,2.6,0.0183
newgear_nowheels,0.2,13.6,2.7,0.0407
newgear_nowheels,0.2,13.6,2.8,0.0284
newgear_nowheels,0.2,13.6,2.9,0.0149
newgear_nowheels,0.2,13.6,3.0,0.0148
newgear_nowheels,0.2,13.6,3.1,0.0137
newgear_nowheels,0.2,13.6,3.2,0.0119
newgear_nowheels,0.2,13.6,3.3,0.0133
newgear_nowheels,0.2,13.6,3.4,0.0066
newgear_nowheels,0.2,13.6,3.5,
newgear_nowheels,0.2,13.6,3.6,0.0041
newgear_nowheels,0.2,13.6,3.7,0.0069
newgear_nowheels,0.2,13.6,3.8,0.0014
newgear_nowheels,0.2,13.6,3.9,0.0023
newgear_nowheels,0.2,13.6,4.0,0.0136
newgear_nowheels,0.2,13.6,4.1,0.0284
newgear_nowheels,0.2,13.6,4.2,0.0292
newgear_nowheels,0.2,13.6,4.3,0.0141
newgear_nowheels,0.2,13.6,4.4,0.0026
newgear_nowheels,0.2,13.6,4.5,0.012
newgear_nowheels,0.2,13.6,4.6,0.0155
newgear_nowheels,0.2,13.6,4.7,0.0174
newgear_nowheels,0.2,13.6,4.8,0.0034
newgear_nowheels,0.2,13.6,4.9,0.0147
newgear_nowheels,0.2,13.6,5.0,0.0124
newgear_nowheels,0.2,13.6,5.1,0.0074
newgear_nowheels,0.2,13.6,5.2,0.0063
newgear_nowheels,0.2,13.6,5.3,0.0172
newgear_nowheels,0.2,13.6,5.4,0.0334
newgear_nowheels,0.2,13.6,5.5,0.0369
newgear_nowheels,0.2,13.6,5.6,0.0164
newgear_nowheels,0.2,13.6,5.7,0.0173
newgear_nowheels,0.2,13.6,5.8,0.0113
newgear_nowheels,0.2,13.6,5.9,0.0231
newgear_nowheels,0.2,13.6,6.0,0.0281
newgear_nowheels,0.2,13.6,6.1,0.0306
newgear_nowheels,0.2,13.6,6.2,0.018
newgear_nowheels,0.2,13.6,6.3,0.0282
newgear_nowheels,0.2,13.6,6.4,0.0108
newgear_nowheels,0.2,13.6,6.5,0.0121
newgear_nowheels,0.2,13.6,6.6,0.0151
newgear_nowheels,0.2,13.6,6.7,0.0227
newgear_nowheels,0.2,13.6,6.8,0.0253
newgear_nowheels,0.2,13.6,6.9,0.0209
newgear_nowheels,0.2,13.6,7.0,0.0037
newgear_nowheels,0.2,13.6,7.1,0.0029
newgear_nowheels,0.2,13.6,7.2,0.0122
newgear_nowheels,0.2,13.6,7.3,0.0269
newgear_nowheels,0.2,13.6,7.4,0.0243
newgear_nowheels,0.2,13.6,7.5,0.0201
newgear_nowheels,0.2,13.6,7.6,0.0229
newgear_nowheels,0.2,13.6,7.7,0.0089
newgear_nowheels,0.2,13.6,7.8,0.0235
newgear_nowheels,0.2,13.6,7.9,0.0158
newgear_nowheels,0.2,13.6,8.0,0.0122
newgear_nowheels,0.2,13.6,8.1,0.0124
newgear_nowheels,0.2,13.6,8.2,0.0062
newgear_nowheels,0.2,13.6,8.3,0.0205
newgear_nowheels,0.2,13.6,8.4,0.0132
newgear_nowheels,0.2,13.6,8.5,0.0223
newgear_nowheels,0.2,13.6,8.6,0.0314
newgear_nowheels,0.2,13.6,8.7,0.0199
newgear_nowheels,0.2,13.6,8.8,0.0121
newgear_nowheels,0.2,13.6,8.9,0.0331
newgear_nowheels,0.2,13.6,9.0,0.0326
newgear_nowheels,0.2,13.6,9.1,0.0299
newgear_nowheels,0.2,13.6,9.2,0.0124
newgear_nowheels,0.2,13.6,9.3,0.0122
newgear_nowheels,0.2,13.6,9.4,0.0194
newgear_nowheels,0.2,13.6,9.5,0.0029
newgear_nowheels,0.2,13.6,9.6,0.0105
newgear_nowheels,0.2,13.6,9.7,0.0024
newgear_nowheels,0.2,13.6,9.8,0.0182
newgear_nowheels,0.2,13.6,9.9,0.0493
newgear_nowheels,0.2,13.6,10.0,0.0504
newgear_nowheels,0.4,27.1,0.1,0.0757
newgear_nowheels,0.4,27.1,0.2,0.0699
newgear_nowheels,0.4,27.1,0.3,0.0916
newgear_nowheels,0.4,27.1,0.4,0.0667
newgear_nowheels,0.4,27.1,0.5,0.1249
newgear_nowheels,0.4,27.1,0.6,0.1198
newgear_nowheels,0.4,27.1,0.7,0.0543
newgear_nowheels,0.4,27.1,0.8,0.0922
newgear_nowheels,0.4,27.1,0.9,0.1279
newgear_nowheels,0.4,27.1,1.0,0.1258
newgear_nowheels,0.4,27.1,1.1,0.1651
newgear_nowheels,0.4,27.1,1.2,0.123
newgear_nowheels,0.4,27.1,1.3,0.1093
newgear_nowheels,0.4,27.1,1.4,0.0964
newgear_nowheels,0.4,27.1,1.5,0.0923
newgear_nowheels,0.4,27.1,1.6,0.0509
newgear_nowheels,0.4,27.1,1.7,0.0314
newgear_nowheels,0.4,27.1,1.8,0.0489
newgear_nowheels,0.4,27.1,1.9,0.1164
newgear_nowheels,0.4,27.1,2.0,0.0953
newgear_nowheels,0.4,27.1,2.1,0.0732
newgear_nowheels,0.4,27.1,2.2,0.049
newgear_nowheels,0.4,27.1,2.3,0.0209
newgear_nowheels,0.4,27.1,2.4,0.0476
newgear_nowheels,0.4,27.1,2.5,0.0927
newgear_nowheels,0.4,27.1,2.6,0.0464
newgear_nowheels,0.4,27.1,2.7,0.0728
newgear_nowheels,0.4,27.1,2.8,0.0939
newgear_nowheels,0.4,27.1,2.9,0.076
newgear_nowheels,0.4,27.1,3.0,0.1447
newgear_nowheels,0.4,27.1,3.1,0.0868
newgear_nowheels,0.4,27.1,3.2,0.0899
newgear_nowheels,0.4,27.1,3.3,0.0731
newgear_nowheels,0.4,27.1,3.4,0.0754
newgear_nowheels,0.4,27.1,3.5,0.0654
newgear_nowheels,0.4,27.1,3.6,0.0633
newgear_nowheels,0.4,27.1,3.7,0.0278
newgear_nowheels,0.4,27.1,3.8,0.0482
newgear_nowheels,0.4,27.1,3.9,0.0814
newgear_nowheels,0.4,27.1,4.0,0.1067
newgear_nowheels,0.4,27.1,4.1,0.0665
newgear_nowheels,0.4,27.1,4.2,0.071
newgear_nowheels,0.4,27.1,4.3,0.0608
newgear_nowheels,0.4,27.1,4.4,0.1064
newgear_nowheels,0.4,27.1,4.5,0.1233
newgear_nowheels,0.4,27.1,4.6,0.1257
newgear_nowheels,0.4,27.1,4.7,0.0693
newgear_nowheels,0.4,27.1,4.8,0.1046
newgear_nowheels,0.4,27.1,4.9,0.113
newgear_nowheels,0.4,27.1,5.0,0.0666
newgear_nowheels,0.4,27.1,5.1,0.0652
newgear_nowheels,0.4,27.1,5.2,0.0754
newgear_nowheels,0.4,27.1,5.3,0.0656
newgear_nowheels,0.4,27.1,5.4,0.0843
newgear_nowheels,0.4,27.1,5.5,0.0184
newgear_nowheels,0.4,27.1,5.6,0.0484
newgear_nowheels,0.4,27.1,5.7,0.0375
newgear_nowheels,0.4,27.1,5.8,0.0561
newgear_nowheels,0.4,27.1,5.9,0.0672
newgear_nowheels,0.4,27.1,6.0,0.1009
newgear_nowheels,0.4,27.1,6.1,0.0697
newgear_nowheels,0.4,27.1,6.2,0.0478
newgear_nowheels,0.4,27.1,6.3,0.0621
newgear_nowheels,0.4,27.1,6.4,0.0765
newgear_nowheels,0.4,27.1,6.5,0.0727
newgear_nowheels,0.4,27.1,6.6,0.0535
newgear_nowheels,0.4,27.1,6.7,0.1092
newgear_nowheels,0.4,27.1,6.8,0.0765
newgear_nowheels,0.4,27.1,6.9,0.0846
newgear_nowheels,0.4,27.1,7.0,0.0563
newgear_nowheels,0.4,27.1,7.1,0.0794
newgear_nowheels,0.4,27.1,7.2,0.0665
newgear_nowheels,0.4,27.1,7.3,0.0493
newgear_nowheels,0.4,27.1,7.4,0.0434
newgear_nowheels,0.4,27.1,7.5,0.0323
newgear_nowheels,0.4,27.1,7.6,0.0499
newgear_nowheels,0.4,27.1,7.7,0.057
newgear_nowheels,0.4,27.1,7.8,0.0601
newgear_nowheels,0.4,27.1,7.9,0.0666
newgear_nowheels,0.4,27.1,8.0,0.0794
newgear_nowheels,0.4,27.1,8.1,0.0553
newgear_nowheels,0.4,27.1,8.2,0.1001
newgear_nowheels,0.4,27.1,8.3,0.0944
newgear_nowheels,0.4,27.1,8.4,0.0754
newgear_nowheels,0.4,27.1,8.5,0.0438
newgear_nowheels,0.4,27.1,8.6,0.0463
newgear_nowheels,0.4,27.1,8.7,0.0684
newgear_nowheels,0.4,27.1,8.8,0.0243
newgear_nowheels,0.4,27.1,8.9,0.0255
newgear_nowheels,0.4,27.1,9.0,0.0127
newgear_nowheels,0.4,27.1,9.1,0.0335
newgear_nowheels,0.4,27.1,9.2,0.0439
newgear_nowheels,0.4,27.1,9.3,0.0537
newgear_nowheels,0.4,27.1,9.4,0.0832
newgear_nowheels,0.4,27.1,9.5,0.0409
newgear_nowheels,0.4,27.1,9.6,0.0328
newgear_nowheels,0.4,27.1,9.7,0.0861
newgear_nowheels,0.4,27.1,9.8,0.0833
newgear_nowheels,0.4,27.1,9.9,0.0385
newgear_nowheels,0.4,27.1,10.0,0.0484
newgear_nowheels,0.6,40.6,0.1,0.1452
newgear_nowheels,0.6,40.6,0.2,0.1253
newgear_nowheels,0.6,40.6,0.3,0.0838
newgear_nowheels,0.6,40.6,0.4,0.0888
newgear_nowheels,0.6,40.6,0.5,0.0596
newgear_nowheels,0.6,40.6,0.6,0.115
newgear_nowheels,0.6,40.6,0.7,0.1148
newgear_nowheels,0.6,40.6,0.8,0.2671
newgear_nowheels,0.6,40.6,0.9,0.2449
newgear_nowheels,0.6,40.6,1.0,0.1993
newgear_nowheels,0.6,40.6,1.1,0.1531
newgear_nowheels,0.6,40.6,1.2,0.2364
newgear_nowheels,0.6,40.6,1.3,0.2131
newgear_nowheels,0.6,40.6,1.4,0.1644
newgear_nowheels,0.6,40.6,1.5,0.068
newgear_nowheels,0.6,40.6,1.6,0.1173
newgear_nowheels,0.6,40.6,1.7,0.1659
newgear_nowheels,0.6,40.6,1.8,0.1524
newgear_nowheels,0.6,40.6,1.9,0.1921
newgear_nowheels,0.6,40.6,2.0,0.1368
newgear_nowheels,0.6,40.6,2.1,0.1612
newgear_nowheels,0.6,40.6,2.2,0.1298
newgear_nowheels,0.6,40.6,2.3,0.0809
newgear_nowheels,0.6,40.6,2.4,0.137
newgear_nowheels,0.6,40.6,2.5,0.1491
newgear_nowheels,0.6,40.6,2.6,0.2213
newgear_nowheels,0.6,40.6,2.7,0.1435
newgear_nowheels,0.6,40.6,2.8,0.0746
newgear_nowheels,0.6,40.6,2.9,0.1091
newgear_nowheels,0.6,40.6,3.0,0.1328
newgear_nowheels,0.6,40.6,3.1,0.1526
newgear_nowheels,0.6,40.6,3.2,0.1384
newgear_nowheels,0.6,40.6,3.3,0.1023
newgear_nowheels,0.6,40.6,3.4,0.167
newgear_nowheels,0.6,40.6,3.5,0.1347
newgear_nowheels,0.6,40.6,3.6,0.1563
newgear_nowheels,0.6,40.6,3.7,0.0919
newgear_nowheels,0.6,40.6,3.8,0.1544
newgear_nowheels,0.6,40.6,3.9,0.1838
newgear_nowheels,0.6,40.6,4.0,0.1337
newgear_nowheels,0.6,40.6,4.1,0.1209
newgear_nowheels,0.6,40.6,4.2,0.1187
newgear_nowheels,0.6,40.6,4.3,0.1733
newgear_nowheels,0.6,40.6,4.4,0.1035
newgear_nowheels,0.6,40.6,4.5,0.1199
newgear_nowheels,0.6,40.6,4.6,0.094
newgear_nowheels,0.6,40.6,4.7,0.1504
newgear_nowheels,0.6,40.6,4.8,0.1002
newgear_nowheels,0.6,40.6,4.9,0.121
newgear_nowheels,0.6,40.6,5.0,0.1049
newgear_nowheels,0.6,40.6,5.1,0.0673
newgear_nowheels,0.6,40.6,5.2,0.069
newgear_nowheels,0.6,40.6,5.3,0.0819
newgear_nowheels,0.6,40.6,5.4,0.1169
newgear_nowheels,0.6,40.6,5.5,0.1168
newgear_nowheels,0.6,40.6,5.6,0.1309
newgear_nowheels,0.6,40.6,5.7,0.0686
newgear_nowheels,0.6,40.6,5.8,0.187
newgear_nowheels,0.6,40.6,5.9,0.1318
newgear_nowheels,0.6,40.6,6.0,0.052
newgear_nowheels,0.6,40.6,6.1,0.1056
newgear_nowheels,0.6,40.6,6.2,0.0746
newgear_nowheels,0.6,40.6,6.3,0.0973
newgear_nowheels,0.6,40.6,6.4,0.0891
newgear_nowheels,0.6,40.6,6.5,0.0825
newgear_nowheels,0.6,40.6,6.6,0.1385
newgear_nowheels,0.6,40.6,6.7,0.0692
newgear_nowheels,0.6,40.6,6.8,0.0446
newgear_nowheels,0.6,40.6,6.9,0.0788
newgear_nowheels,0.6,40.6,7.0,0.1601
newgear_nowheels,0.6,40.6,7.1,0.1312
newgear_nowheels,0.6,40.6,7.2,0.1054
newgear_nowheels,0.6,40.6,7.3,0.0801
newgear_nowheels,0.6,40.6,7.4,0.1371
newgear_nowheels,0.6,40.6,7.5,0.1364
newgear_nowheels,0.6,40.6,7.6,0.1112
newgear_nowheels,0.6,40.6,7.7,0.1014
newgear_nowheels,0.6,40.6,7.8,
newgear_nowheels,0.6,40.6,7.9,
newgear_nowheels,0.6,40.6,8.0,
newgear_nowheels,0.6,40.6,8.1,
newgear_nowheels,0.6,40.6,8.2,
newgear_nowheels,0.6,40.6,8.3,
newgear_nowheels,0.6,40.6,8.4,
newgear_nowheels,0.6,40.6,8.5,
newgear_nowheels,0.6,40.6,8.6,
newgear_nowheels,0.6,40.6,8.7,
newgear_nowheels,0.6,40.6,8.8,
newgear_nowheels,0.6,40.6,8.9,
newgear_nowheels,0.6,40.6,9.0,
newgear_nowheels,0.6,40.6,9.1,
newgear_nowheels,0.6,40.6,9.2,
newgear_nowheels,0.6,40.6,9.3,
newgear_nowheels,0.6,40.6,9.4,
newgear_nowheels,0.6,40.6,9.5,
newgear_nowheels,0.6,40.6,9.6,
newgear_nowheels,0.6,40.6,9.7,
newgear_nowheels,0.6,40.6,9.8,
newgear_nowheels,0.6,40.6,9.9,
newgear_nowheels,0.6,40.6,10.0,
newgear_nowheels,0.8,54.1,0.1,0.216
newgear_nowheels,0.8,54.1,0.2,0.2399
newgear_nowheels,0.8,54.1,0.3,0.1395
newgear_nowheels,0.8,54.1,0.4,0.2276
newgear_nowheels,0.8,54.1,0.5,0.2011
newgear_nowheels,0.8,54.1,0.6,0.177
newgear_nowheels,0.8,54.1,0.7,0.2036
newgear_nowheels,0.8,54.1,0.8,0.1329
newgear_nowheels,0.8,54.1,0.9,0.2505
newgear_nowheels,0.8,54.1,1.0,0.1722
newgear_nowheels,0.8,54.1,1.1,0.1968
newgear_nowheels,0.8,54.1,1.2,0.1838
newgear_nowheels,0.8,54.1,1.3,0.1432
newgear_nowheels,0.8,54.1,1.4,0.332
newgear_nowheels,0.8,54.1,1.5,0.1397
newgear_nowheels,0.8,54.1,1.6,0.122
newgear_nowheels,0.8,54.1,1.7,0.1779
newgear_nowheels,0.8,54.1,1.8,0.1492
newgear_nowheels,0.8,54.1,1.9,0.2017
newgear_nowheels,0.8,54.1,2.0,0.1098
newgear_nowheels,0.8,54.1,2.1,0.158
newgear_nowheels,0.8,54.1,2.2,0.1661
newgear_nowheels,0.8,54.1,2.3,0.1538
newgear_nowheels,0.8,54.1,2.4,0.1652
newgear_nowheels,0.8,54.1,2.5,0.1568
newgear_nowheels,0.8,54.1,2.6,0.1573
newgear_nowheels,0.8,54.1,2.7,0.2667
newgear_nowheels,0.8,54.1,2.8,0.1998
newgear_nowheels,0.8,54.1,2.9,0.2072
newgear_nowheels,0.8,54.1,3.0,0.1337
newgear_nowheels,0.8,54.1,3.1,0.2009
newgear_nowheels,0.8,54.1,3.2,0.0898
newgear_nowheels,0.8,54.1,3.3,0.1481
newgear_nowheels,0.8,54.1,3.4,0.0992
newgear_nowheels,0.8,54.1,3.5,0.1205
newgear_nowheels,0.8,54.1,3.6,0.1902
newgear_nowheels,0.8,54.1,3.7,0.0569
newgear_nowheels,0.8,54.1,3.8,0.246
newgear_nowheels,0.8,54.1,3.9,0.0854
newgear_nowheels,0.8,54.1,4.0,0.1278
newgear_nowheels,0.8,54.1,4.1,0.1777
newgear_nowheels,0.8,54.1,4.2,0.1092
newgear_nowheels,0.8,54.1,4.3,0.1389
newgear_nowheels,0.8,54.1,4.4,0.1386
newgear_nowheels,0.8,54.1,4.5,0.183
newgear_nowheels,0.8,54.1,4.6,0.1727
newgear_nowheels,0.8,54.1,4.7,0.2096
newgear_nowheels,0.8,54.1,4.8,0.2295
newgear_nowheels,0.8,54.1,4.9,0.1948
newgear_nowheels,0.8,54.1,5.0,0.1517
newgear_nowheels,0.8,54.1,5.1,0.0673
newgear_nowheels,0.8,54.1,5.2,0.1162
newgear_nowheels,0.8,54.1,5.3,0.0436
newgear_nowheels,0.8,54.1,5.4,0.1326
newgear_nowheels,0.8,54.1,5.5,0.1451
newgear_nowheels,0.8,54.1,5.6,0.1401
newgear_nowheels,0.8,54.1,5.7,0.1323
newgear_nowheels,0.8,54.1,5.8,0.1037
newgear_nowheels,0.8,54.1,5.9,
newgear_nowheels,0.8,54.1,6.0,
newgear_nowheels,0.8,54.1,6.1,
newgear_nowheels,0.8,54.1,6.2,
newgear_nowheels,0.8,54.1,6.3,
newgear_nowheels,0.8,54.1,6.4,
newgear_nowheels,0.8,54.1,6.5,
newgear_nowheels,0.8,54.1,6.6,
newgear_nowheels,0.8,54.1,6.7,
newgear_nowheels,0.8,54.1,6.8,
newgear_nowheels,0.8,54.1,6.9,
newgear_nowheels,0.8,54.1,7.0,
newgear_nowheels,0.8,54.1,7.1,
newgear_nowheels,0.8,54.1,7.2,
newgear_nowheels,0.8,54.1,7.3,
newgear_nowheels,0.8,54.1,7.4,
newgear_nowheels,0.8,54.1,7.5,
newgear_nowheels,0.8,54.1,7.6,
newgear_nowheels,0.8,54.1,7.7,
newgear_nowheels,0.8,54.1,7.8,
newgear_nowheels,0.8,54.1,7.9,
newgear_nowheels,0.8,54.1,8.0,
newgear_nowheels,0.8,54.1,8.1,
newgear_nowheels,0.8,54.1,8.2,
newgear_nowheels,0.8,54.1,8.3,
newgear_nowheels,0.8,54.1,8.4,
newgear_nowheels,0.8,54.1,8.5,
newgear_nowheels,0.8,54.1,8.6,
newgear_nowheels,0.8,54.1,8.7,
newgear_nowheels,0.8,54.1,8.8,
newgear_nowheels,0.8,54.1,8.9,
newgear_nowheels,0.8,54.1,9.0,
newgear_nowheels,0.8,54.1,9.1,
newgear_nowheels,0.8,54.1,9.2,
newgear_nowheels,0.8,54.1,9.3,
newgear_nowheels,0.8,54.1,9.4,
newgear_nowheels,0.8,54.1,9.5,
newgear_nowheels,0.8,54.1,9.6,
newgear_nowheels,0.8,54.1,9.7,
newgear_nowheels,0.8,54.1,9.8,
newgear_nowheels,0.8,54.1,9.9,
newgear_nowheels,0.8,54.1,10.0,
newgear_nowheels,1.0,67.7,0.1,0.45
newgear_nowheels,1.0,67.7,0.2,0.2385
newgear_nowheels,1.0,67.7,0.3,0.512
newgear_nowheels,1.0,67.7,0.4,0.3421
newgear_nowheels,1.0,67.7,0.5,0.3514
newgear_nowheels,1.0,67.7,0.6,0.3199
newgear_nowheels,1.0,67.7,0.7,0.3234
newgear_nowheels,1.0,67.7,0.8,0.3371
newgear_nowheels,1.0,67.7,0.9,0.3356
newgear_nowheels,1.0,67.7,1.0,0.1652
newgear_nowheels,1.0,67.7,1.1,0.1607
newgear_nowheels,1.0,67.7,1.2,0.4775
newgear_nowheels,1.0,67.7,1.3,0.3431
newgear_nowheels,1.0,67.7,1.4,0.261
newgear_nowheels,1.0,67.7,1.5,0.2471
newgear_nowheels,1.0,67.7,1.6,0.2423
newgear_nowheels,1.0,67.7,1.7,0.285
newgear_nowheels,1.0,67.7,1.8,0.3508
newgear_nowheels,1.0,67.7,1.9,0.4776
newgear_nowheels,1.0,67.7,2.0,0.2788
newgear_nowheels,1.0,67.7,2.1,0.3443
newgear_nowheels,1.0,67.7,2.2,0.4663
newgear_nowheels,1.0,67.7,2.3,0.3097
newgear_nowheels,1.0,67.7,2.4,0.2161
newgear_nowheels,1.0,67.7,2.5,0.3904
newgear_nowheels,1.0,67.7,2.6,0.2497
newgear_nowheels,1.0,67.7,2.7,0.2927
newgear_nowheels,1.0,67.7,2.8,0.1878
newgear_nowheels,1.0,67.7,2.9,0.1145
newgear_nowheels,1.0,67.7,3.0,0.3453
newgear_nowheels,1.0,67.7,3.1,0.2414
newgear_nowheels,1.0,67.7,3.2,0.2315
newgear_nowheels,1.0,67.7,3.3,0.3743
newgear_nowheels,1.0,67.7,3.4,0.2143
newgear_nowheels,1.0,67.7,3.5,0.1622
newgear_nowheels,1.0,67.7,3.6,0.1693
newgear_nowheels,1.0,67.7,3.7,0.2229
newgear_nowheels,1.0,67.7,3.8,0.2634
newgear_nowheels,1.0,67.7,3.9,0.1937
newgear_nowheels,1.0,67.7,4.0,0.1673
newgear_nowheels,1.0,67.7,4.1,0.1758
newgear_nowheels,1.0,67.7,4.2,0.1642
newgear_nowheels,1.0,67.7,4.3,0.2101
newgear_nowheels,1.0,67.7,4.4,0.1849
newgear_nowheels,1.0,67.7,4.5,0.0989
newgear_nowheels,1.0,67.7,4.6,0.156
newgear_nowheels,1.0,67.7,4.7,
newgear_nowheels,1.0,67.7,4.8,
newgear_nowheels,1.0,67.7,4.9,
newgear_nowheels,1.0,67.7,5.0,
newgear_nowheels,1.0,67.7,5.1,
newgear_nowheels,1.0,67.7,5.2,
newgear_nowheels,1.0,67.7,5.3,
newgear_nowheels,1.0,67.7,5.4,
newgear_nowheels,1.0,67.7,5.5,
newgear_nowheels,1.0,67.7,5.6,
newgear_nowheels,1.0,67.7,5.7,
newgear_nowheels,1.0,67.7,5.8,
newgear_nowheels,1.0,67.7,5.9,
newgear_nowheels,1.0,67.7,6.0,
newgear_nowheels,1.0,67.7,6.1,
newgear_nowheels,1.0,67.7,6.2,
newgear_nowheels,1.0,67.7,6.3,
newgear_nowheels,1.0,67.7,6.4,
newgear_nowheels,1.0,67.7,6.5,
newgear_nowheels,1.0,67.7,6.6,
newgear_nowheels,1.0,67.7,6.7,
newgear_nowheels,1.0,67.7,6.8,
newgear_nowheels,1.0,67.7,6.9,
newgear_nowheels,1.0,67.7,7.0,
newgear_nowheels,1.0,67.7,7.1,
newgear_nowheels,1.0,67.7,7.2,
newgear_nowheels,1.0,67.7,7.3,
newgear_nowheels,1.0,67.7,7.4,
newgear_nowheels,1.0,67.7,7.5,
newgear_nowheels,1.0,67.7,7.6,
newgear_nowheels,1.0,67.7,7.7,
newgear_nowheels,1.0,67.7,7.8,
newgear_nowheels,1.0,67.7,7.9,
newgear_nowheels,1.0,67.7,8.0,
newgear_nowheels,1.0,67.7,8.1,
newgear_nowheels,1.0,67.7,8.2,
newgear_nowheels,1.0,67.7,8.3,
newgear_nowheels,1.0,67.7,8.4,
newgear_nowheels,1.0,67.7,8.5,
newgear_nowheels,1.0,67.7,8.6,
newgear_nowheels,1.0,67.7,8.7,
newgear_nowheels,1.0,67.7,8.8,
newgear_nowheels,1.0,67.7,8.9,
newgear_nowheels,1.0,67.7,9.0,
newgear_nowheels,1.0,67.7,9.1,
newgear_nowheels,1.0,67.7,9.2,
newgear_nowheels,1.0,67.7,9.3,
newgear_nowheels,1.0,67.7,9.4,
newgear_nowheels,1.0,67.7,9.5,
newgear_nowheels,1.0,67.7,9.6,
newgear_nowheels,1.0,67.7,9.7,
newgear_nowheels,1.0,67.7,9.8,
newgear_nowheels,1.0,67.7,9.9,
newgear_nowheels,1.0,67.7,10.0,
newgear_nowheels,1.2,81.4,0.1,0.757
newgear_nowheels,1.2,81.4,0.2,0.4754
newgear_nowheels,1.2,81.4,0.3,0.4041
newgear_nowheels,1.2,81.4,0.4,0.5069
newgear_nowheels,1.2,81.4,0.5,0.5743
newgear_nowheels,1.2,81.4,0.6,0.488
newgear_nowheels,1.2,81.4,0.7,0.2851
newgear_nowheels,1.2,81.4,0.8,0.4278
newgear_nowheels,1.2,81.4,0.9,0.4451
newgear_nowheels,1.2,81.4,1.0,0.4287
newgear_nowheels,1.2,81.4,1.1,0.3652
newgear_nowheels,1.2,81.4,1.2,0.3376
newgear_nowheels,1.2,81.4,1.3,0.3662
newgear_nowheels,1.2,81.4,1.4,0.3189
newgear_nowheels,1.2,81.4,1.5,0.4036
newgear_nowheels,1.2,81.4,1.6,0.3914
newgear_nowheels,1.2,81.4,1.7,0.4342
newgear_nowheels,1.2,81.4,1.8,0.5523
newgear_nowheels,1.2,81.4,1.9,0.2535
newgear_nowheels,1.2,81.4,2.0,0.2824
newgear_nowheels,1.2,81.4,2.1,0.2898
newgear_nowheels,1.2,81.4,2.2,0.3591
newgear_nowheels,1.2,81.4,2.3,0.2549
newgear_nowheels,1.2,81.4,2.4,0.2725
newgear_nowheels,1.2,81.4,2.5,0.3046
newgear_nowheels,1.2,81.4,2.6,0.3528
newgear_nowheels,1.2,81.4,2.7,0.239
newgear_nowheels,1.2,81.4,2.8,0.3597
newgear_nowheels,1.2,81.4,2.9,0.3346
newgear_nowheels,1.2,81.4,3.0,0.2156
newgear_nowheels,1.2,81.4,3.1,0.2082
newgear_nowheels,1.2,81.4,3.2,0.1709
newgear_nowheels,1.2,81.4,3.3,0.3084
newgear_nowheels,1.2,81.4,3.4,0.2074
newgear_nowheels,1.2,81.4,3.5,0.2404
newgear_nowheels,1.2,81.4,3.6,0.3273
newgear_nowheels,1.2,81.4,3.7,0.2288
newgear_nowheels,1.2,81.4,3.8,0.1521
newgear_nowheels,1.2,81.4,3.9,0.1121
newgear_nowheels,1.2,81.4,4.0,
newgear_nowheels,1.2,81.4,4.1,
newgear_nowheels,1.2,81.4,4.2,
newgear_nowheels,1.2,81.4,4.3,
newgear_nowheels,1.2,81.4,4.4,
newgear_nowheels,1.2,81.4,4.5,
newgear_nowheels,1.2,81.4,4.6,
newgear_nowheels,1.2,81.4,4.7,
newgear_nowheels,1.2,81.4,4.8,
newgear_nowheels,1.2,81.4,4.9,
newgear_nowheels,1.2,81.4,5.0,
newgear_nowheels,1.2,81.4,5.1,
newgear_nowheels,1.2,81.4,5.2,
newgear_nowheels,1.2,81.4,5.3,
newgear_nowheels,1.2,81.4,5.4,
newgear_nowheels,1.2,81.4,5.5,
newgear_nowheels,1.2,81.4,5.6,
newgear_nowheels,1.2,81.4,5.7,
newgear_nowheels,1.2,81.4,5.8,
newgear_nowheels,1.2,81.4,5.9,
newgear_nowheels,1.2,81.4,6.0,
newgear_nowheels,1.2,81.4,6.1,
newgear_nowheels,1.2,81.4,6.2,
newgear_nowheels,1.2,81.4,6.3,
newgear_nowheels,1.2,81.4,6.4,
newgear_nowheels,1.2,81.4,6.5,
newgear_nowheels,1.2,81.4,6.6,
newgear_nowheels,1.2,81.4,6.7,
newgear_nowheels,1.2,81.4,6.8,
newgear_nowheels,1.2,81.4,6.9,
newgear_nowheels,1.2,81.4,7.0,
newgear_nowheels,1.2,81.4,7.1,
newgear_nowheels,1.2,81.4,7.2,
newgear_nowheels,1.2,81.4,7.3,
newgear_nowheels,1.2,81.4,7.4,
newgear_nowheels,1.2,81.4,7.5,
newgear_nowheels,1.2,81.4,7.6,
newgear_nowheels,1.2,81.4,7.7,
newgear_nowheels,1.2,81.4,7.8,
newgear_nowheels,1.2,81.4,7.9,
newgear_nowheels,1.2,81.4,8.0,
newgear_nowheels,1.2,81.4,8.1,
newgear_nowheels,1.2,81.4,8.2,
newgear_nowheels,1.2,81.4,8.3,
newgear_nowheels,1.2,81.4,8.4,
newgear_nowheels,1.2,81.4,8.5,
newgear_nowheels,1.2,81.4,8.6,
newgear_nowheels,1.2,81.4,8.7,
newgear_nowheels,1.2,81.4,8.8,
newgear_nowheels,1.2,81.4,8.9,
newgear_nowheels,1.2,81.4,9.0,
newgear_nowheels,1.2,81.4,9.1,
newgear_nowheels,1.2,81.4,9.2,
newgear_nowheels,1.2,81.4,9.3,
newgear_nowheels,1.2,81.4,9.4,
newgear_nowheels,1.2,81.4,9.5,
newgear_nowheels,1.2,81.4,9.6,
newgear_nowheels,1.2,81.4,9.7,
newgear_nowheels,1.2,81.4,9.8,
newgear_nowheels,1.2,81.4,9.9,
newgear_nowheels,1.2,81.4,10.0,
newgear_nowheels,1.4,94.6,0.1,0.7272
newgear_nowheels,1.4,94.6,0.2,0.813
newgear_nowheels,1.4,94.6,0.3,0.7184
newgear_nowheels,1.4,94.6,0.4,0.5978
newgear_nowheels,1.4,94.6,0.5,0.73
newgear_nowheels,1.4,94.6,0.6,0.6846
newgear_nowheels,1.4,94.6,0.7,0.609
newgear_nowheels,1.4,94.6,0.8,0.3701
newgear_nowheels,1.4,94.6,0.9,0.8466
newgear_nowheels,1.4,94.6,1.0,0.8857
newgear_nowheels,1.4,94.6,1.1,0.3623
newgear_nowheels,1.4,94.6,1.2,0.4456
newgear_nowheels,1.4,94.6,1.3,0.8191
newgear_nowheels,1.4,94.6,1.4,0.6345
newgear_nowheels,1.4,94.6,1.5,0.696
newgear_nowheels,1.4,94.6,1.6,0.4982
newgear_nowheels,1.4,94.6,1.7,0.4312
newgear_nowheels,1.4,94.6,1.8,0.3457
newgear_nowheels,1.4,94.6,1.9,0.4579
newgear_nowheels,1.4,94.6,2.0,0.5434
newgear_nowheels,1.4,94.6,2.1,0.5018
newgear_nowheels,1.4,94.6,2.2,0.3851
newgear_nowheels,1.4,94.6,2.3,0.484
newgear_nowheels,1.4,94.6,2.4,0.6106
newgear_nowheels,1.4,94.6,2.5,0.3269
newgear_nowheels,1.4,94.6,2.6,0.2563
newgear_nowheels,1.4,94.6,2.7,0.3872
newgear_nowheels,1.4,94.6,2.8,0.3281
newgear_nowheels,1.4,94.6,2.9,0.2108
newgear_nowheels,1.4,94.6,3.0,0.4127
newgear_nowheels,1.4,94.6,3.1,0.327
newgear_nowheels,1.4,94.6,3.2,0.4892
newgear_nowheels,1.4,94.6,3.3,0.48
newgear_nowheels,1.4,94.6,3.4,
newgear_nowheels,1.4,94.6,3.5,
newgear_nowheels,1.4,94.6,3.6,
newgear_nowheels,1.4,94.6,3.7,
newgear_nowheels,1.4,94.6,3.8,
newgear_nowheels,1.4,94.6,3.9,
newgear_nowheels,1.4,94.6,4.0,
newgear_nowheels,1.4,94.6,4.1,
newgear_nowheels,1.4,94.6,4.2,
newgear_nowheels,1.4,94.6,4.3,
newgear_nowheels,1.4,94.6,4.4,
newgear_nowheels,1.4,94.6,4.5,
newgear_nowheels,1.4,94.6,4.6,
newgear_nowheels,1.4,94.6,4.7,
newgear_nowheels,1.4,94.6,4.8,
newgear_nowheels,1.4,94.6,4.9,
newgear_nowheels,1.4,94.6,5.0,
newgear_nowheels,1.4,94.6,5.1,
newgear_nowheels,1.4,94.6,5.2,
newgear_nowheels,1.4,94.6,5.3,
newgear_nowheels,1.4,94.6,5.4,
newgear_nowheels,1.4,94.6,5.5,
newgear_nowheels,1.4,94.6,5.6,
newgear_nowheels,1.4,94.6,5.7,
newgear_nowheels,1.4,94.6,5.8,
newgear_nowheels,1.4,94.6,5.9,
newgear_nowheels,1.4,94.6,6.0,
newgear_nowheels,1.4,94.6,6.1,
newgear_nowheels,1.4,94.6,6.2,
newgear_nowheels,1.4,94.6,6.3,
newgear_nowheels,1.4,94.6,6.4,
newgear_nowheels,1.4,94.6,6.5,
newgear_nowheels,1.4,94.6,6.6,
newgear_nowheels,1.4,94.6,6.7,
newgear_nowheels,1.4,94.6,6.8,
newgear_nowheels,1.4,94.6,6.9,
newgear_nowheels,1.4,94.6,7.0,
newgear_nowheels,1.4,94.6,7.1,
newgear_nowheels,1.4,94.6,7.2,
newgear_nowheels,1.4,94.6,7.3,
newgear_nowheels,1.4,94.6,7.4,
newgear_nowheels,1.4,94.6,7.5,
newgear_nowheels,1.4,94.6,7.6,
newgear_nowheels,1.4,94.6,7.7,
newgear_nowheels,1.4,94.6,7.8,
newgear_nowheels,1.4,94.6,7.9,
newgear_nowheels,1.4,94.6,8.0,
newgear_nowheels,1.4,94.6,8.1,
newgear_nowheels,1.4,94.6,8.2,
newgear_nowheels,1.4,94.6,8.3,
newgear_nowheels,1.4,94.6,8.4,
newgear_nowheels,1.4,94.6,8.5,
newgear_nowheels,1.4,94.6,8.6,
newgear_nowheels,1.4,94.6,8.7,
newgear_nowheels,1.4,94.6,8.8,
newgear_nowheels,1.4,94.6,8.9,
newgear_nowheels,1.4,94.6,9.0,
newgear_nowheels,1.4,94.6,9.1,
newgear_nowheels,1.4,94.6,9.2,
newgear_nowheels,1.4,94.6,9.3,
newgear_nowheels,1.4,94.6,9.4,
newgear_nowheels,1.4,94.6,9.5,
newgear_nowheels,1.4,94.6,9.6,
newgear_nowheels,1.4,94.6,9.7,
newgear_nowheels,1.4,94.6,9.8,
newgear_nowheels,1.4,94.6,9.9,
newgear_nowheels,1.4,94.6,10.0,
newgear_nowheels,1.6,107.2,0.1,0.7639
newgear_nowheels,1.6,107.2,0.2,0.6129
newgear_nowheels,1.6,107.2,0.3,0.6338
newgear_nowheels,1.6,107.2,0.4,0.5719
newgear_nowheels,1.6,107.2,0.5,0.3256
newgear_nowheels,1.6,107.2,0.6,0.4095
newgear_nowheels,1.6,107.2,0.7,0.4254
newgear_nowheels,1.6,107.2,0.8,0.3925
newgear_nowheels,1.6,107.2,0.9,0.5677
newgear_nowheels,1.6,107.2,1.0,0.4037
newgear_nowheels,1.6,107.2,1.1,0.7892
newgear_nowheels,1.6,107.2,1.2,0.5983
newgear_nowheels,1.6,107.2,1.3,0.302
newgear_nowheels,1.6,107.2,1.4,0.6229
newgear_nowheels,1.6,107.2,1.5,0.6227
newgear_nowheels,1.6,107.2,1.6,0.3737
newgear_nowheels,1.6,107.2,1.7,0.3594
newgear_nowheels,1.6,107.2,1.8,0.581
newgear_nowheels,1.6,107.2,1.9,0.4125
newgear_nowheels,1.6,107.2,2.0,0.6632
newgear_nowheels,1.6,107.2,2.1,0.7025
newgear_nowheels,1.6,107.2,2.2,0.4561
newgear_nowheels,1.6,107.2,2.3,0.4344
newgear_nowheels,1.6,107.2,2.4,0.3845
newgear_nowheels,1.6,107.2,2.5,0.3049
newgear_nowheels,1.6,107.2,2.6,0.3118
newgear_nowheels,1.6,107.2,2.7,0.4094
newgear_nowheels,1.6,107.2,2.8,0.3296
newgear_nowheels,1.6,107.2,2.9,0.4371
newgear_nowheels,1.6,107.2,3.0,
newgear_nowheels,1.6,107.2,3.1,
newgear_nowheels,1.6,107.2,3.2,
newgear_nowheels,1.6,107.2,3.3,
newgear_nowheels,1.6,107.2,3.4,
newgear_nowheels,1.6,107.2,3.5,
newgear_nowheels,1.6,107.2,3.6,
newgear_nowheels,1.6,107.2,3.7,
newgear_nowheels,1.6,107.2,3.8,
newgear_nowheels,1.6,107.2,3.9,
newgear_nowheels,1.6,107.2,4.0,
newgear_nowheels,1.6,107.2,4.1,
newgear_nowheels,1.6,107.2,4.2,
newgear_nowheels,1.6,107.2,4.3,
newgear_nowheels,1.6,107.2,4.4,
newgear_nowheels,1.6,107.2,4.5,
newgear_nowheels,1.6,107.2,4.6,
newgear_nowheels,1.6,107.2,4.7,
newgear_nowheels,1.6,107.2,4.8,
newgear_nowheels,1.6,107.2,4.9,
newgear_nowheels,1.6,107.2,5.0,
newgear_nowheels,1.6,107.2,5.1,
newgear_nowheels,1.6,107.2,5.2,
newgear_nowheels,1.6,107.2,5.3,
newgear_nowheels,1.6,107.2,5.4,
newgear_nowheels,1.6,107.2,5.5,
newgear_nowheels,1.6,107.2,5.6,
newgear_nowheels,1.6,107.2,5.7,
newgear_nowheels,1.6,107.2,5.8,
newgear_nowheels,1.6,107.2,5.9,
newgear_nowheels,1.6,107.2,6.0,
newgear_nowheels,1.6,107.2,6.1,
newgear_nowheels,1.6,107.2,6.2,
newgear_nowheels,1.6,107.2,6.3,
newgear_nowheels,1.6,107.2,6.4,
newgear_nowheels,1.6,107.2,6.5,
newgear_nowheels,1.6,107.2,6.6,
newgear_nowheels,1.6,107.2,6.7,
newgear_nowheels,1.6,107.2,6.8,
newgear_nowheels,1.6,107.2,6.9,
newgear_nowheels,1.6,107.2,7.0,
newgear_nowheels,1.6,107.2,7.1,
newgear_nowheels,1.6,107.2,7.2,
newgear_nowheels,1.6,107.2,7.3,
newgear_nowheels,1.6,107.2,7.4,
newgear_nowheels,1.6,107.2,7.5,
newgear_nowheels,1.6,107.2,7.6,
newgear_nowheels,1.6,107.2,7.7,
newgear_nowheels,1.6,107.2,7.8,
newgear_nowheels,1.6,107.2,7.9,
newgear_nowheels,1.6,107.2,8.0,
newgear_nowheels,1.6,107.2,8.1,
newgear_nowheels,1.6,107.2,8.2,
newgear_nowheels,1.6,107.2,8.3,
newgear_nowheels,1.6,107.2,8.4,
newgear_nowheels,1.6,107.2,8.5,
newgear_nowheels,1.6,107.2,8.6,
newgear_nowheels,1.6,107.2,8.7,
newgear_nowheels,1.6,107.2,8.8,
newgear_nowheels,1.6,107.2,8.9,
newgear_nowheels,1.6,107.2,9.0,
newgear_nowheels,1.6,107.2,9.1,
newgear_nowheels,1.6,107.2,9.2,
newgear_nowheels,1.6,107.2,9.3,
newgear_nowheels,1.6,107.2,9.4,
newgear_nowheels,1.6,107.2,9.5,
newgear_nowheels,1.6,107.2,9.6,
newgear_nowheels,1.6,107.2,9.7,
newgear_nowheels,1.6,107.2,9.8,
newgear_nowheels,1.6,107.2,9.9,
newgear_nowheels,1.6,107.2,10.0,
